pipeline_id,status,ref,source,created_at,updated_at,duration,queued_duration,web_url
90345572,running,update-k8s-versions-automated,push,2026-01-13T06:11:44.666Z,2026-01-13T06:12:47.987Z,,63,https://gitlab.ddbuild.io/DataDog/datadog-agent/-/pipelines/90345572
90342189,success,aiuto/dd1,push,2026-01-13T04:14:52.733Z,2026-01-13T05:58:07.047Z,6140.0,63,https://gitlab.ddbuild.io/DataDog/datadog-agent/-/pipelines/90342189
90342125,success,aiuto/rtl,push,2026-01-13T04:12:33.025Z,2026-01-13T05:07:12.419Z,3224.0,63,https://gitlab.ddbuild.io/DataDog/datadog-agent/-/pipelines/90342125
90341160,failed,wyn.bennett/DELA-237-selective,push,2026-01-13T03:46:42.357Z,2026-01-13T05:49:59.862Z,7345.0,55,https://gitlab.ddbuild.io/DataDog/datadog-agent/-/pipelines/90341160
90340338,failed,aiuto/rtl,push,2026-01-13T03:27:57.678Z,2026-01-13T04:48:58.455Z,4812.0,57,https://gitlab.ddbuild.io/DataDog/datadog-agent/-/pipelines/90340338
90340321,success,aiuto/expf,push,2026-01-13T03:27:21.001Z,2026-01-13T04:22:20.239Z,3249.0,58,https://gitlab.ddbuild.io/DataDog/datadog-agent/-/pipelines/90340321
90338749,failed,wyn.bennett/DELA-237-selective,push,2026-01-13T03:00:48.847Z,2026-01-13T04:39:40.780Z,5879.0,58,https://gitlab.ddbuild.io/DataDog/datadog-agent/-/pipelines/90338749
90338746,success,main,pipeline,2026-01-13T03:00:36.959Z,2026-01-13T05:51:08.908Z,10173.0,64,https://gitlab.ddbuild.io/DataDog/datadog-agent/-/pipelines/90338746
90337424,success,7.74.x,api,2026-01-13T02:30:28.114Z,2026-01-13T05:10:16.999Z,9532.0,63,https://gitlab.ddbuild.io/DataDog/datadog-agent/-/pipelines/90337424
90336216,success,main,pipeline,2026-01-13T02:15:25.990Z,2026-01-13T04:00:40.150Z,6259.0,59,https://gitlab.ddbuild.io/DataDog/datadog-agent/-/pipelines/90336216
90332456,success,dependabot/go_modules/github.com/goccy/go-yaml-1.19.2,push,2026-01-13T01:12:46.521Z,2026-01-13T03:15:11.457Z,7289.0,62,https://gitlab.ddbuild.io/DataDog/datadog-agent/-/pipelines/90332456
90332455,success,dependabot/go_modules/gitlab.com/gitlab-org/api/client-go-1.13.0,push,2026-01-13T01:12:46.066Z,2026-01-13T03:07:09.466Z,6808.0,59,https://gitlab.ddbuild.io/DataDog/datadog-agent/-/pipelines/90332455
90332447,failed,dependabot/go_modules/test/new-e2e/k8s-io-23512fda7a,push,2026-01-13T01:12:27.684Z,2026-01-13T02:59:32.605Z,6369.0,58,https://gitlab.ddbuild.io/DataDog/datadog-agent/-/pipelines/90332447
90332361,failed,dependabot/go_modules/test/new-e2e/aws-sdk-go-v2-7c21aeb2a5,push,2026-01-13T01:12:12.671Z,2026-01-13T03:02:17.076Z,6550.0,57,https://gitlab.ddbuild.io/DataDog/datadog-agent/-/pipelines/90332361
90332229,success,dependabot/go_modules/github.com/gosnmp/gosnmp-1.43.2,push,2026-01-13T01:12:03.406Z,2026-01-13T03:26:02.898Z,7987.0,55,https://gitlab.ddbuild.io/DataDog/datadog-agent/-/pipelines/90332229
90332198,success,dependabot/go_modules/test/new-e2e/github.com/goccy/go-yaml-1.19.2,push,2026-01-13T01:11:59.802Z,2026-01-13T03:13:16.848Z,7219.0,61,https://gitlab.ddbuild.io/DataDog/datadog-agent/-/pipelines/90332198
90332097,success,dependabot/go_modules/test/new-e2e/github.com/DataDog/datadog-api-client-go/v2-2.53.0,push,2026-01-13T01:11:54.311Z,2026-01-13T02:59:32.320Z,6406.0,56,https://gitlab.ddbuild.io/DataDog/datadog-agent/-/pipelines/90332097
90331867,failed,dependabot/go_modules/github.com/go-viper/mapstructure/v2-2.5.0,push,2026-01-13T01:11:38.326Z,2026-01-13T02:56:32.459Z,6241.0,58,https://gitlab.ddbuild.io/DataDog/datadog-agent/-/pipelines/90331867
90331863,failed,dependabot/go_modules/github.com/miekg/dns-1.1.70,push,2026-01-13T01:11:35.308Z,2026-01-13T04:01:30.093Z,8136.0,62,https://gitlab.ddbuild.io/DataDog/datadog-agent/-/pipelines/90331863
90331849,success,dependabot/go_modules/aws-sdk-go-v2-0fadfe3766,push,2026-01-13T01:11:04.629Z,2026-01-13T02:44:46.286Z,5566.0,64,https://gitlab.ddbuild.io/DataDog/datadog-agent/-/pipelines/90331849
90331822,success,dependabot/go_modules/pkg/trace/gopkg.in/ini.v1-1.67.1,push,2026-01-13T01:10:27.770Z,2026-01-13T02:58:08.646Z,6404.0,68,https://gitlab.ddbuild.io/DataDog/datadog-agent/-/pipelines/90331822
90331713,failed,dependabot/go_modules/github.com/envoyproxy/gateway-1.6.2,push,2026-01-13T01:07:30.980Z,2026-01-13T02:54:40.153Z,4570.0,56,https://gitlab.ddbuild.io/DataDog/datadog-agent/-/pipelines/90331713
90331707,failed,dependabot/go_modules/github.com/goccy/go-yaml-1.19.2,push,2026-01-13T01:07:14.301Z,2026-01-13T01:56:53.591Z,2916.0,57,https://gitlab.ddbuild.io/DataDog/datadog-agent/-/pipelines/90331707
90331703,canceled,dependabot/go_modules/gitlab.com/gitlab-org/api/client-go-1.13.0,push,2026-01-13T01:07:10.836Z,2026-01-13T01:42:56.346Z,2096.0,55,https://gitlab.ddbuild.io/DataDog/datadog-agent/-/pipelines/90331703
90331700,success,dependabot/go_modules/go.temporal.io/api-1.60.0,push,2026-01-13T01:06:57.842Z,2026-01-13T03:00:56.948Z,6786.0,57,https://gitlab.ddbuild.io/DataDog/datadog-agent/-/pipelines/90331700
90331684,failed,dependabot/go_modules/test/new-e2e/github.com/DataDog/dd-trace-go/v2-2.5.0,push,2026-01-13T01:06:34.876Z,2026-01-13T03:20:01.673Z,7949.0,61,https://gitlab.ddbuild.io/DataDog/datadog-agent/-/pipelines/90331684
90331682,failed,dependabot/go_modules/github.com/gosnmp/gosnmp-1.43.2,push,2026-01-13T01:06:31.046Z,2026-01-13T01:44:38.702Z,2236.0,56,https://gitlab.ddbuild.io/DataDog/datadog-agent/-/pipelines/90331682
90331677,failed,dependabot/go_modules/test/new-e2e/github.com/DataDog/datadog-api-client-go/v2-2.53.0,push,2026-01-13T01:06:28.114Z,2026-01-13T01:44:18.013Z,2059.0,57,https://gitlab.ddbuild.io/DataDog/datadog-agent/-/pipelines/90331677
90331672,failed,dependabot/go_modules/test/new-e2e/github.com/goccy/go-yaml-1.19.2,push,2026-01-13T01:06:21.941Z,2026-01-13T01:44:17.787Z,2207.0,57,https://gitlab.ddbuild.io/DataDog/datadog-agent/-/pipelines/90331672
90331666,success,dependabot/go_modules/github.com/godror/godror-0.50.0,push,2026-01-13T01:06:12.213Z,2026-01-13T02:36:40.702Z,5375.0,57,https://gitlab.ddbuild.io/DataDog/datadog-agent/-/pipelines/90331666
90331663,canceled,dependabot/go_modules/test/new-e2e/aws-sdk-go-v2-7c21aeb2a5,push,2026-01-13T01:06:09.765Z,2026-01-13T01:39:13.337Z,1933.0,55,https://gitlab.ddbuild.io/DataDog/datadog-agent/-/pipelines/90331663
90331660,canceled,dependabot/go_modules/test/new-e2e/k8s-io-23512fda7a,push,2026-01-13T01:06:08.274Z,2026-01-13T01:41:26.416Z,2058.0,64,https://gitlab.ddbuild.io/DataDog/datadog-agent/-/pipelines/90331660
90331659,canceled,dependabot/go_modules/github.com/go-viper/mapstructure/v2-2.5.0,push,2026-01-13T01:06:08.142Z,2026-01-13T01:40:20.380Z,2001.0,56,https://gitlab.ddbuild.io/DataDog/datadog-agent/-/pipelines/90331659
90331649,success,dependabot/go_modules/go.temporal.io/sdk-1.39.0,push,2026-01-13T01:05:52.695Z,2026-01-13T02:57:17.848Z,6640.0,48,https://gitlab.ddbuild.io/DataDog/datadog-agent/-/pipelines/90331649
90331646,failed,dependabot/go_modules/github.com/miekg/dns-1.1.70,push,2026-01-13T01:05:50.196Z,2026-01-13T01:44:17.833Z,2177.0,59,https://gitlab.ddbuild.io/DataDog/datadog-agent/-/pipelines/90331646
90331635,failed,dependabot/go_modules/aws-sdk-go-v2-0fadfe3766,push,2026-01-13T01:05:23.105Z,2026-01-13T01:43:11.953Z,2132.0,55,https://gitlab.ddbuild.io/DataDog/datadog-agent/-/pipelines/90331635
90331631,success,dependabot/go_modules/sigs.k8s.io/karpenter-1.8.1,push,2026-01-13T01:05:17.727Z,2026-01-13T02:48:30.937Z,6144.0,54,https://gitlab.ddbuild.io/DataDog/datadog-agent/-/pipelines/90331631
90331629,success,dependabot/go_modules/bun-7bd3fd8b8d,push,2026-01-13T01:05:16.760Z,2026-01-13T02:31:09.731Z,5100.0,58,https://gitlab.ddbuild.io/DataDog/datadog-agent/-/pipelines/90331629
90331613,success,dependabot/github_actions/anthropics/claude-code-action-1.0.29,push,2026-01-13T01:04:57.779Z,2026-01-13T01:59:39.030Z,3230.0,59,https://gitlab.ddbuild.io/DataDog/datadog-agent/-/pipelines/90331613
90331607,failed,dependabot/go_modules/pkg/trace/gopkg.in/ini.v1-1.67.1,push,2026-01-13T01:04:49.340Z,2026-01-13T01:42:41.342Z,2221.0,59,https://gitlab.ddbuild.io/DataDog/datadog-agent/-/pipelines/90331607
90331604,success,dependabot/github_actions/actions/setup-go-6.1.0,push,2026-01-13T01:04:45.977Z,2026-01-13T02:09:59.231Z,3859.0,61,https://gitlab.ddbuild.io/DataDog/datadog-agent/-/pipelines/90331604
90331182,success,mwdd146980/incident-47888-fix,push,2026-01-13T01:00:01.692Z,2026-01-13T02:05:20.424Z,3867.0,61,https://gitlab.ddbuild.io/DataDog/datadog-agent/-/pipelines/90331182
90330501,canceled,mwdd146980/incident-47888-fix,push,2026-01-13T00:56:28.053Z,2026-01-13T01:52:00.702Z,3287.0,55,https://gitlab.ddbuild.io/DataDog/datadog-agent/-/pipelines/90330501
90329527,failed,renovate/integrations-core-digest,push,2026-01-13T00:44:59.020Z,2026-01-13T02:43:10.055Z,7042.0,57,https://gitlab.ddbuild.io/DataDog/datadog-agent/-/pipelines/90329527
90329475,success,agntlog-119-http-error-codes,push,2026-01-13T00:44:06.975Z,2026-01-13T02:51:30.592Z,6672.0,56,https://gitlab.ddbuild.io/DataDog/datadog-agent/-/pipelines/90329475
90326966,failed,agntlog-119-http-error-codes,push,2026-01-13T00:12:09.331Z,2026-01-13T01:06:28.066Z,3206.0,59,https://gitlab.ddbuild.io/DataDog/datadog-agent/-/pipelines/90326966
90326930,failed,sopell/fine-grained-monitor,push,2026-01-13T00:10:46.765Z,2026-01-13T01:37:29.708Z,5152.0,63,https://gitlab.ddbuild.io/DataDog/datadog-agent/-/pipelines/90326930
90326728,failed,hahn/gates_at_the_top,push,2026-01-13T00:04:02.953Z,2026-01-13T01:08:22.406Z,3810.0,54,https://gitlab.ddbuild.io/DataDog/datadog-agent/-/pipelines/90326728
90326684,failed,main,schedule,2026-01-13T00:03:18.117Z,2026-01-13T01:41:39.511Z,5847.0,58,https://gitlab.ddbuild.io/DataDog/datadog-agent/-/pipelines/90326684
90324917,failed,ganeshkumarsv-patch-1,push,2026-01-12T23:39:46.078Z,2026-01-13T02:03:37.743Z,8576.0,63,https://gitlab.ddbuild.io/DataDog/datadog-agent/-/pipelines/90324917
90324396,failed,ella/observer-events-correlation,push,2026-01-12T23:31:22.383Z,2026-01-13T02:02:50.966Z,7047.0,56,https://gitlab.ddbuild.io/DataDog/datadog-agent/-/pipelines/90324396
90323076,failed,observer-fgm-parquet-replay,push,2026-01-12T23:05:23.524Z,2026-01-12T23:59:16.386Z,3172.0,63,https://gitlab.ddbuild.io/DataDog/datadog-agent/-/pipelines/90323076
90322951,failed,dd/add-networkpath-bundle,push,2026-01-12T23:03:28.480Z,2026-01-12T23:57:58.070Z,3214.0,65,https://gitlab.ddbuild.io/DataDog/datadog-agent/-/pipelines/90322951
90321953,success,hahn/gates_at_the_top,push,2026-01-12T22:59:22.339Z,2026-01-13T00:12:59.698Z,4357.0,73,https://gitlab.ddbuild.io/DataDog/datadog-agent/-/pipelines/90321953
90321795,failed,dd/add-networkpath-bundle,push,2026-01-12T22:56:23.302Z,2026-01-12T23:48:54.836Z,3102.0,57,https://gitlab.ddbuild.io/DataDog/datadog-agent/-/pipelines/90321795
90320670,failed,lucas.liseth/auto_multiline_tagging,push,2026-01-12T22:44:31.052Z,2026-01-13T01:09:27.660Z,5405.0,62,https://gitlab.ddbuild.io/DataDog/datadog-agent/-/pipelines/90320670
90319746,success,triviajon/new-e2e-optional-removal,push,2026-01-12T22:36:39.281Z,2026-01-13T01:03:16.471Z,6700.0,64,https://gitlab.ddbuild.io/DataDog/datadog-agent/-/pipelines/90319746
90319539,success,hongshi/mac_location-secure,push,2026-01-12T22:34:59.761Z,2026-01-13T00:33:28.819Z,7047.0,70,https://gitlab.ddbuild.io/DataDog/datadog-agent/-/pipelines/90319539
90317692,success,adrien.boitreaud/databricks-avoid-obfuscation,push,2026-01-12T22:29:40.309Z,2026-01-12T23:46:55.279Z,4575.0,70,https://gitlab.ddbuild.io/DataDog/datadog-agent/-/pipelines/90317692
90314899,success,main,push,2026-01-12T22:07:30.122Z,2026-01-12T23:58:19.128Z,6590.0,66,https://gitlab.ddbuild.io/DataDog/datadog-agent/-/pipelines/90314899
90312235,failed,renovate/integrations-core-digest,push,2026-01-12T21:51:52.981Z,2026-01-13T00:14:06.652Z,8477.0,62,https://gitlab.ddbuild.io/DataDog/datadog-agent/-/pipelines/90312235
90312059,failed,wyn.bennett/DELA-237-selective,push,2026-01-12T21:50:49.382Z,2026-01-13T00:25:49.230Z,7882.0,58,https://gitlab.ddbuild.io/DataDog/datadog-agent/-/pipelines/90312059
90312042,success,mq-working-branch-main-80ed4b4,push,2026-01-12T21:50:37.470Z,2026-01-12T22:05:27.450Z,885.0,7,https://gitlab.ddbuild.io/DataDog/datadog-agent/-/pipelines/90312042
90310511,failed,ella/observer-events-correlation,push,2026-01-12T21:44:47.059Z,2026-01-12T23:08:16.594Z,4949.0,70,https://gitlab.ddbuild.io/DataDog/datadog-agent/-/pipelines/90310511
90303703,failed,AGNTLOG-411-Agnt-Intake-E2E-Integration,push,2026-01-12T21:22:52.280Z,2026-01-12T23:13:37.967Z,6591.0,59,https://gitlab.ddbuild.io/DataDog/datadog-agent/-/pipelines/90303703
90303631,success,adrien.boitreaud/databricks-avoid-obfuscation,push,2026-01-12T21:22:19.320Z,2026-01-12T22:34:34.405Z,4285.0,62,https://gitlab.ddbuild.io/DataDog/datadog-agent/-/pipelines/90303631
90303177,success,main,pipeline,2026-01-12T21:19:07.226Z,2026-01-12T23:04:36.555Z,6253.0,81,https://gitlab.ddbuild.io/DataDog/datadog-agent/-/pipelines/90303177
90302452,success,main,push,2026-01-12T21:14:18.180Z,2026-01-12T22:28:10.355Z,4366.0,70,https://gitlab.ddbuild.io/DataDog/datadog-agent/-/pipelines/90302452
90297397,canceled,renovate/integrations-core-digest,push,2026-01-12T20:58:07.481Z,2026-01-12T22:17:27.952Z,4703.0,68,https://gitlab.ddbuild.io/DataDog/datadog-agent/-/pipelines/90297397
90297070,success,main,push,2026-01-12T20:56:51.891Z,2026-01-12T22:28:01.771Z,5397.0,82,https://gitlab.ddbuild.io/DataDog/datadog-agent/-/pipelines/90297070
90296950,failed,ajwerner/fix-irgen-issues,push,2026-01-12T20:56:35.642Z,2026-01-12T22:14:37.904Z,4619.0,73,https://gitlab.ddbuild.io/DataDog/datadog-agent/-/pipelines/90296950
90296065,failed,ella/observer-events-correlation,push,2026-01-12T20:54:41.720Z,2026-01-12T22:15:51.363Z,4809.0,92,https://gitlab.ddbuild.io/DataDog/datadog-agent/-/pipelines/90296065
90294031,success,main,pipeline,2026-01-12T20:46:22.687Z,2026-01-12T22:56:31.071Z,7722.0,95,https://gitlab.ddbuild.io/DataDog/datadog-agent/-/pipelines/90294031
90292568,success,mq-working-branch-main-ad47a7c,push,2026-01-12T20:40:41.089Z,2026-01-12T21:12:07.406Z,1881.0,6,https://gitlab.ddbuild.io/DataDog/datadog-agent/-/pipelines/90292568
90291682,success,main,push,2026-01-12T20:35:12.498Z,2026-01-12T22:04:06.553Z,5272.0,69,https://gitlab.ddbuild.io/DataDog/datadog-agent/-/pipelines/90291682
90290941,success,7.74.x,pipeline,2026-01-12T20:31:34.348Z,2026-01-12T22:39:45.454Z,7604.0,92,https://gitlab.ddbuild.io/DataDog/datadog-agent/-/pipelines/90290941
90290704,success,mq-working-branch-main-375b765,push,2026-01-12T20:30:12.109Z,2026-01-12T20:54:59.188Z,1477.0,14,https://gitlab.ddbuild.io/DataDog/datadog-agent/-/pipelines/90290704
90290672,failed,sopell/fine-grained-monitor,push,2026-01-12T20:29:49.939Z,2026-01-12T21:55:09.297Z,5062.0,71,https://gitlab.ddbuild.io/DataDog/datadog-agent/-/pipelines/90290672
90290026,failed,sopell/fine-grained-monitor,push,2026-01-12T20:25:39.445Z,2026-01-12T21:46:36.520Z,4799.0,69,https://gitlab.ddbuild.io/DataDog/datadog-agent/-/pipelines/90290026
90286795,failed,7.75.x,pipeline,2026-01-12T20:10:23.066Z,2026-01-12T21:26:44.977Z,4492.0,100,https://gitlab.ddbuild.io/DataDog/datadog-agent/-/pipelines/90286795
90286662,success,main,pipeline,2026-01-12T20:09:49.082Z,2026-01-12T22:09:51.808Z,7116.0,92,https://gitlab.ddbuild.io/DataDog/datadog-agent/-/pipelines/90286662
90286538,success,aleksandr.pasechnik/svls-8237-fix-cloud-run-jobs-trace-reparenting,push,2026-01-12T20:09:08.224Z,2026-01-12T21:18:39.001Z,4115.0,71,https://gitlab.ddbuild.io/DataDog/datadog-agent/-/pipelines/90286538
90286311,failed,bryce.kahle/kmt-ubuntu-2510,push,2026-01-12T20:07:38.200Z,2026-01-12T23:36:59.129Z,7885.0,57,https://gitlab.ddbuild.io/DataDog/datadog-agent/-/pipelines/90286311
90286212,success,mq-working-branch-main-be82c1d,push,2026-01-12T20:06:39.097Z,2026-01-12T20:33:11.899Z,1586.0,5,https://gitlab.ddbuild.io/DataDog/datadog-agent/-/pipelines/90286212
90286169,success,adrien.boitreaud/databricks-avoid-obfuscation,push,2026-01-12T20:06:14.539Z,2026-01-12T21:28:53.144Z,4897.0,71,https://gitlab.ddbuild.io/DataDog/datadog-agent/-/pipelines/90286169
90283402,failed,matthew.deguzman/mcp-experiments,push,2026-01-12T19:55:19.575Z,2026-01-12T21:24:05.003Z,5204.0,71,https://gitlab.ddbuild.io/DataDog/datadog-agent/-/pipelines/90283402
90279740,canceled,compare/jlineaweaver/exp-133/1768246713,api,2026-01-12T19:39:14.321Z,2026-01-12T19:41:25.654Z,71.0,67,https://gitlab.ddbuild.io/DataDog/datadog-agent/-/pipelines/90279740
90279369,failed,jlineaweaver/exp-133,push,2026-01-12T19:36:59.059Z,2026-01-12T21:49:16.101Z,7546.0,78,https://gitlab.ddbuild.io/DataDog/datadog-agent/-/pipelines/90279369
90279169,success,andrew.glaude/cc-new-keeps,push,2026-01-12T19:35:31.687Z,2026-01-12T20:45:34.312Z,4139.0,74,https://gitlab.ddbuild.io/DataDog/datadog-agent/-/pipelines/90279169
90278448,failed,bryce.kahle/kmt-ubuntu-2510,api,2026-01-12T19:31:33.935Z,2026-01-12T21:14:49.581Z,6140.0,59,https://gitlab.ddbuild.io/DataDog/datadog-agent/-/pipelines/90278448
90278385,failed,bryce.kahle/kmt-ubuntu-2510,push,2026-01-12T19:31:16.527Z,2026-01-12T21:10:14.551Z,5883.0,56,https://gitlab.ddbuild.io/DataDog/datadog-agent/-/pipelines/90278385
90277002,failed,jeremy.hanna/common-root-install-path,push,2026-01-12T19:25:48.813Z,2026-01-12T21:40:15.232Z,8009.0,55,https://gitlab.ddbuild.io/DataDog/datadog-agent/-/pipelines/90277002
90273219,success,arnaud.py/SINT-4518,push,2026-01-12T19:11:55.572Z,2026-01-12T20:31:18.453Z,4703.0,75,https://gitlab.ddbuild.io/DataDog/datadog-agent/-/pipelines/90273219
90273210,failed,andrew.glaude/cc-new-keeps,push,2026-01-12T19:11:52.141Z,2026-01-12T20:16:47.880Z,3841.0,76,https://gitlab.ddbuild.io/DataDog/datadog-agent/-/pipelines/90273210
90271696,success,joey.kelroy/update-oracle-conf,push,2026-01-12T19:00:22.395Z,2026-01-12T20:04:52.548Z,3808.0,69,https://gitlab.ddbuild.io/DataDog/datadog-agent/-/pipelines/90271696
90271493,success,ibraheem/update-histogram-helpers-api,push,2026-01-12T18:59:25.278Z,2026-01-12T21:49:18.273Z,6235.0,63,https://gitlab.ddbuild.io/DataDog/datadog-agent/-/pipelines/90271493
90270041,success,main,push,2026-01-12T18:49:41.497Z,2026-01-12T20:13:04.962Z,4941.0,66,https://gitlab.ddbuild.io/DataDog/datadog-agent/-/pipelines/90270041
90269756,success,stanley.liu/dd-extension-ddot,push,2026-01-12T18:43:43.133Z,2026-01-12T20:06:39.153Z,4914.0,72,https://gitlab.ddbuild.io/DataDog/datadog-agent/-/pipelines/90269756
90268860,failed,ajwerner/fix-irgen-issues,push,2026-01-12T18:35:01.417Z,2026-01-12T19:51:34.261Z,4539.0,65,https://gitlab.ddbuild.io/DataDog/datadog-agent/-/pipelines/90268860
90268763,failed,ibraheem/update-histogram-helpers-api,push,2026-01-12T18:34:05.164Z,2026-01-12T19:21:28.098Z,2786.0,63,https://gitlab.ddbuild.io/DataDog/datadog-agent/-/pipelines/90268763
90268178,failed,wyn.bennett/DELA-237-selective,push,2026-01-12T18:29:39.055Z,2026-01-12T20:10:42.845Z,5996.0,65,https://gitlab.ddbuild.io/DataDog/datadog-agent/-/pipelines/90268178
90267559,failed,renovate/protocolbuffers-protobuf-33.x,push,2026-01-12T18:24:50.845Z,2026-01-12T19:37:35.484Z,4306.0,71,https://gitlab.ddbuild.io/DataDog/datadog-agent/-/pipelines/90267559
90267521,success,renovate/integrations-core-digest,push,2026-01-12T18:24:36.924Z,2026-01-12T20:13:12.725Z,6443.0,83,https://gitlab.ddbuild.io/DataDog/datadog-agent/-/pipelines/90267521
90267366,failed,joey.kelroy/update-oracle-conf,push,2026-01-12T18:23:35.933Z,2026-01-12T19:42:08.739Z,4646.0,79,https://gitlab.ddbuild.io/DataDog/datadog-agent/-/pipelines/90267366
90267035,success,mrafi/host-hardware,push,2026-01-12T18:21:33.651Z,2026-01-12T19:46:05.756Z,5003.0,81,https://gitlab.ddbuild.io/DataDog/datadog-agent/-/pipelines/90267035
90266981,failed,mrafi/host-hardware,push,2026-01-12T18:21:24.120Z,2026-01-12T18:42:44.436Z,461.0,89,https://gitlab.ddbuild.io/DataDog/datadog-agent/-/pipelines/90266981
90266021,failed,wyn.bennett/DELA-237-selective,push,2026-01-12T18:17:21.600Z,2026-01-12T19:56:34.769Z,5890.0,71,https://gitlab.ddbuild.io/DataDog/datadog-agent/-/pipelines/90266021
90264955,failed,ibraheem/update-histogram-helpers-api,push,2026-01-12T18:12:08.704Z,2026-01-12T19:09:44.392Z,3015.0,73,https://gitlab.ddbuild.io/DataDog/datadog-agent/-/pipelines/90264955
90260609,failed,sopell/fine-grained-monitor,push,2026-01-12T17:50:17.584Z,2026-01-12T19:27:26.824Z,5770.0,70,https://gitlab.ddbuild.io/DataDog/datadog-agent/-/pipelines/90260609
90260541,failed,mrafi/host-hardware,push,2026-01-12T17:49:46.976Z,2026-01-12T18:58:06.052Z,3978.0,72,https://gitlab.ddbuild.io/DataDog/datadog-agent/-/pipelines/90260541
90260419,success,adrien.boitreaud/databricks-avoid-obfuscation,push,2026-01-12T17:48:57.703Z,2026-01-12T19:34:58.059Z,6121.0,73,https://gitlab.ddbuild.io/DataDog/datadog-agent/-/pipelines/90260419
90258507,failed,maxime/enable-ntm-by-config,push,2026-01-12T17:42:44.787Z,2026-01-12T18:59:20.031Z,4024.0,82,https://gitlab.ddbuild.io/DataDog/datadog-agent/-/pipelines/90258507
90258226,success,aiuto/expf,push,2026-01-12T17:42:01.194Z,2026-01-12T19:03:06.256Z,4301.0,73,https://gitlab.ddbuild.io/DataDog/datadog-agent/-/pipelines/90258226
90255067,success,main,push,2026-01-12T17:33:16.889Z,2026-01-12T19:18:52.040Z,6258.0,99,https://gitlab.ddbuild.io/DataDog/datadog-agent/-/pipelines/90255067
90253820,canceled,mrafi/host-hardware,push,2026-01-12T17:29:23.934Z,2026-01-12T18:01:50.968Z,605.0,79,https://gitlab.ddbuild.io/DataDog/datadog-agent/-/pipelines/90253820
90253466,failed,mrafi/host-hardware,push,2026-01-12T17:26:56.653Z,2026-01-12T18:03:19.915Z,508.0,88,https://gitlab.ddbuild.io/DataDog/datadog-agent/-/pipelines/90253466
90253071,canceled,mq-working-branch-main-430ba97,push,2026-01-12T17:24:22.591Z,2026-01-12T18:23:24.158Z,1978.0,8,https://gitlab.ddbuild.io/DataDog/datadog-agent/-/pipelines/90253071
90252508,canceled,adrien.boitreaud/databricks-avoid-obfuscation,push,2026-01-12T17:23:27.699Z,2026-01-12T18:01:47.548Z,1984.0,97,https://gitlab.ddbuild.io/DataDog/datadog-agent/-/pipelines/90252508
90251119,success,mwdd146980/incident-47888-fix,push,2026-01-12T17:15:57.457Z,2026-01-12T18:56:42.273Z,5336.0,80,https://gitlab.ddbuild.io/DataDog/datadog-agent/-/pipelines/90251119
90251023,success,backport-44933-to-7.74.x,push,2026-01-12T17:15:18.539Z,2026-01-12T18:57:04.278Z,6015.0,72,https://gitlab.ddbuild.io/DataDog/datadog-agent/-/pipelines/90251023
90250962,success,backport-44933-to-7.74.x,push,2026-01-12T17:15:03.008Z,2026-01-12T19:13:11.666Z,6948.0,69,https://gitlab.ddbuild.io/DataDog/datadog-agent/-/pipelines/90250962
90250039,success,mq-working-branch-main-d55abb6,push,2026-01-12T17:13:44.214Z,2026-01-12T18:47:46.582Z,3671.0,9,https://gitlab.ddbuild.io/DataDog/datadog-agent/-/pipelines/90250039
90250010,success,main,push,2026-01-12T17:13:35.501Z,2026-01-12T19:09:09.926Z,6364.0,104,https://gitlab.ddbuild.io/DataDog/datadog-agent/-/pipelines/90250010
90248541,success,paul/fa-fix-jmx-instance-field,push,2026-01-12T17:06:57.642Z,2026-01-12T19:10:06.832Z,5470.0,75,https://gitlab.ddbuild.io/DataDog/datadog-agent/-/pipelines/90248541
90247770,success,main,pipeline,2026-01-12T17:03:14.501Z,2026-01-12T19:06:00.856Z,7276.0,100,https://gitlab.ddbuild.io/DataDog/datadog-agent/-/pipelines/90247770
90244905,canceled,compare/guillaume.pagnoux/sd-agent-package/1768236883,api,2026-01-12T16:55:30.092Z,2026-01-12T16:57:44.659Z,73.0,80,https://gitlab.ddbuild.io/DataDog/datadog-agent/-/pipelines/90244905
90244739,success,crayon/CONTINT-5038_kind_cluster_v1.35_fix,push,2026-01-12T16:54:42.190Z,2026-01-12T18:50:31.479Z,6869.0,96,https://gitlab.ddbuild.io/DataDog/datadog-agent/-/pipelines/90244739
90244568,success,dependabot/go_modules/aws-sdk-go-v2-0fadfe3766,push,2026-01-12T16:53:46.981Z,2026-01-12T19:44:24.841Z,8406.0,90,https://gitlab.ddbuild.io/DataDog/datadog-agent/-/pipelines/90244568
90244558,success,dependabot/go_modules/test/new-e2e/aws-sdk-go-v2-7c21aeb2a5,push,2026-01-12T16:53:41.411Z,2026-01-12T18:47:08.366Z,6738.0,80,https://gitlab.ddbuild.io/DataDog/datadog-agent/-/pipelines/90244558
90244078,failed,guillaume.pagnoux/sd-agent-package,api,2026-01-12T16:52:29.434Z,2026-01-12T19:06:14.734Z,7943.0,89,https://gitlab.ddbuild.io/DataDog/datadog-agent/-/pipelines/90244078
90242695,success,dependabot/go_modules/github.com/tinylib/msgp-1.6.3,push,2026-01-12T16:47:51.312Z,2026-01-12T18:39:38.924Z,6623.0,96,https://gitlab.ddbuild.io/DataDog/datadog-agent/-/pipelines/90242695
90242533,success,dependabot/go_modules/gitlab.com/gitlab-org/api/client-go-1.11.0,push,2026-01-12T16:47:04.108Z,2026-01-12T18:36:07.535Z,6460.0,97,https://gitlab.ddbuild.io/DataDog/datadog-agent/-/pipelines/90242533
90242452,failed,mwdd146980/incident-47888-fix,push,2026-01-12T16:46:41.308Z,2026-01-12T18:05:31.277Z,3760.0,83,https://gitlab.ddbuild.io/DataDog/datadog-agent/-/pipelines/90242452
90242443,success,dependabot/go_modules/test/new-e2e/github.com/goccy/go-yaml-1.19.1,push,2026-01-12T16:46:38.613Z,2026-01-12T18:33:35.420Z,6352.0,80,https://gitlab.ddbuild.io/DataDog/datadog-agent/-/pipelines/90242443
90242440,success,dependabot/go_modules/go.opentelemetry.io/ebpf-profiler-0.0.202601,push,2026-01-12T16:46:38.200Z,2026-01-12T18:33:36.419Z,6330.0,92,https://gitlab.ddbuild.io/DataDog/datadog-agent/-/pipelines/90242440
90242397,failed,dependabot/go_modules/github.com/shirou/gopsutil/v4-4.25.12,push,2026-01-12T16:46:25.526Z,2026-01-12T18:40:27.027Z,6768.0,95,https://gitlab.ddbuild.io/DataDog/datadog-agent/-/pipelines/90242397
90242263,failed,dependabot/go_modules/k8s.io/kubectl-0.35.0,push,2026-01-12T16:45:38.764Z,2026-01-12T18:33:43.827Z,6423.0,70,https://gitlab.ddbuild.io/DataDog/datadog-agent/-/pipelines/90242263
90242210,failed,dependabot/go_modules/github.com/goccy/go-yaml-1.19.1,push,2026-01-12T16:45:22.936Z,2026-01-12T20:08:16.884Z,8701.0,78,https://gitlab.ddbuild.io/DataDog/datadog-agent/-/pipelines/90242210
90242154,success,dependabot/go_modules/github.com/prometheus/common-0.67.5,push,2026-01-12T16:45:15.255Z,2026-01-12T18:22:44.766Z,5788.0,84,https://gitlab.ddbuild.io/DataDog/datadog-agent/-/pipelines/90242154
90242116,failed,dependabot/go_modules/go.opentelemetry.io/ebpf-profiler-0.0.202549,push,2026-01-12T16:45:06.648Z,2026-01-12T18:25:39.293Z,5972.0,67,https://gitlab.ddbuild.io/DataDog/datadog-agent/-/pipelines/90242116
90242110,success,dependabot/go_modules/pkg/trace/github.com/tinylib/msgp-1.6.3,push,2026-01-12T16:45:04.893Z,2026-01-12T18:20:42.895Z,5661.0,86,https://gitlab.ddbuild.io/DataDog/datadog-agent/-/pipelines/90242110
90242082,success,dependabot/go_modules/pkg/trace/github.com/shirou/gopsutil/v4-4.25.12,push,2026-01-12T16:44:46.344Z,2026-01-12T19:01:26.020Z,8101.0,105,https://gitlab.ddbuild.io/DataDog/datadog-agent/-/pipelines/90242082
90242036,success,dependabot/go_modules/test/fakeintake/github.com/tinylib/msgp-1.6.3,push,2026-01-12T16:44:27.369Z,2026-01-12T18:17:41.143Z,5527.0,74,https://gitlab.ddbuild.io/DataDog/datadog-agent/-/pipelines/90242036
90242025,success,dependabot/go_modules/sigs.k8s.io/gateway-api-1.4.1,push,2026-01-12T16:44:21.495Z,2026-01-12T18:20:51.303Z,5727.0,71,https://gitlab.ddbuild.io/DataDog/datadog-agent/-/pipelines/90242025
90241987,success,dependabot/go_modules/gitlab.com/gitlab-org/api/client-go-1.10.0,push,2026-01-12T16:44:09.841Z,2026-01-12T18:23:59.710Z,5922.0,91,https://gitlab.ddbuild.io/DataDog/datadog-agent/-/pipelines/90241987
90241961,failed,dependabot/go_modules/aws-sdk-go-v2-0fadfe3766,push,2026-01-12T16:44:00.356Z,2026-01-12T18:06:09.153Z,4854.0,81,https://gitlab.ddbuild.io/DataDog/datadog-agent/-/pipelines/90241961
90241892,success,dependabot/go_modules/go.mongodb.org/mongo-driver/v2-2.4.1,push,2026-01-12T16:43:29.251Z,2026-01-12T18:51:36.264Z,7624.0,68,https://gitlab.ddbuild.io/DataDog/datadog-agent/-/pipelines/90241892
90241669,failed,dependabot/go_modules/test/new-e2e/aws-sdk-go-v2-7c21aeb2a5,push,2026-01-12T16:42:34.921Z,2026-01-12T17:45:54.786Z,3717.0,88,https://gitlab.ddbuild.io/DataDog/datadog-agent/-/pipelines/90241669
90240967,success,mq-working-branch-main-8242f84,push,2026-01-12T16:41:37.694Z,2026-01-12T17:12:05.325Z,1822.0,8,https://gitlab.ddbuild.io/DataDog/datadog-agent/-/pipelines/90240967
90240449,failed,dependabot/go_modules/github.com/shirou/gopsutil/v4-4.25.12,push,2026-01-12T16:38:32.916Z,2026-01-12T17:13:32.255Z,2035.0,70,https://gitlab.ddbuild.io/DataDog/datadog-agent/-/pipelines/90240449
90240363,failed,dependabot/go_modules/gitlab.com/gitlab-org/api/client-go-1.11.0,push,2026-01-12T16:38:07.359Z,2026-01-12T17:56:11.738Z,4596.0,96,https://gitlab.ddbuild.io/DataDog/datadog-agent/-/pipelines/90240363
90240343,failed,dependabot/go_modules/test/new-e2e/github.com/goccy/go-yaml-1.19.1,push,2026-01-12T16:38:02.000Z,2026-01-12T17:38:41.023Z,3551.0,99,https://gitlab.ddbuild.io/DataDog/datadog-agent/-/pipelines/90240343
90240337,failed,dependabot/go_modules/github.com/tinylib/msgp-1.6.3,push,2026-01-12T16:38:00.287Z,2026-01-12T17:57:56.139Z,4735.0,68,https://gitlab.ddbuild.io/DataDog/datadog-agent/-/pipelines/90240337
90240310,success,dependabot/go_modules/go.opentelemetry.io/contrib/instrumentation/runtime-0.64.0,push,2026-01-12T16:37:47.481Z,2026-01-12T18:14:59.061Z,5764.0,73,https://gitlab.ddbuild.io/DataDog/datadog-agent/-/pipelines/90240310
90240309,failed,dependabot/go_modules/go.opentelemetry.io/ebpf-profiler-0.0.202601,push,2026-01-12T16:37:47.395Z,2026-01-12T17:56:14.688Z,4645.0,70,https://gitlab.ddbuild.io/DataDog/datadog-agent/-/pipelines/90240309
90240299,failed,dependabot/go_modules/go.opentelemetry.io/ebpf-profiler-0.0.202549,push,2026-01-12T16:37:43.652Z,2026-01-12T17:57:16.918Z,4710.0,71,https://gitlab.ddbuild.io/DataDog/datadog-agent/-/pipelines/90240299
90240287,failed,dependabot/go_modules/k8s.io/kubectl-0.35.0,push,2026-01-12T16:37:40.105Z,2026-01-12T17:57:03.447Z,4699.0,72,https://gitlab.ddbuild.io/DataDog/datadog-agent/-/pipelines/90240287
90240286,failed,dependabot/go_modules/github.com/prometheus/common-0.67.5,push,2026-01-12T16:37:39.890Z,2026-01-12T17:57:42.027Z,4743.0,65,https://gitlab.ddbuild.io/DataDog/datadog-agent/-/pipelines/90240286
90240258,failed,dependabot/go_modules/gitlab.com/gitlab-org/api/client-go-1.10.0,push,2026-01-12T16:37:28.832Z,2026-01-12T17:55:39.740Z,4632.0,66,https://gitlab.ddbuild.io/DataDog/datadog-agent/-/pipelines/90240258
90240254,failed,dependabot/go_modules/test/fakeintake/github.com/tinylib/msgp-1.6.3,push,2026-01-12T16:37:27.960Z,2026-01-12T18:00:19.327Z,4914.0,70,https://gitlab.ddbuild.io/DataDog/datadog-agent/-/pipelines/90240254
90240237,failed,dependabot/go_modules/github.com/goccy/go-yaml-1.19.1,push,2026-01-12T16:37:24.475Z,2026-01-12T17:55:23.194Z,4618.0,72,https://gitlab.ddbuild.io/DataDog/datadog-agent/-/pipelines/90240237
90240216,failed,dependabot/go_modules/sigs.k8s.io/gateway-api-1.4.1,push,2026-01-12T16:37:18.407Z,2026-01-12T17:55:38.299Z,4638.0,75,https://gitlab.ddbuild.io/DataDog/datadog-agent/-/pipelines/90240216
90240215,failed,dependabot/go_modules/pkg/trace/github.com/shirou/gopsutil/v4-4.25.12,push,2026-01-12T16:37:18.329Z,2026-01-12T17:48:54.359Z,4237.0,75,https://gitlab.ddbuild.io/DataDog/datadog-agent/-/pipelines/90240215
90240207,failed,dependabot/go_modules/go.mongodb.org/mongo-driver/v2-2.4.1,push,2026-01-12T16:37:15.983Z,2026-01-12T17:55:40.132Z,4645.0,66,https://gitlab.ddbuild.io/DataDog/datadog-agent/-/pipelines/90240207
90240203,failed,dependabot/go_modules/pkg/trace/github.com/tinylib/msgp-1.6.3,push,2026-01-12T16:37:15.633Z,2026-01-12T17:48:36.837Z,4227.0,69,https://gitlab.ddbuild.io/DataDog/datadog-agent/-/pipelines/90240203
90239482,success,mq-working-branch-main-efb375e,push,2026-01-12T16:34:07.420Z,2026-01-12T17:30:53.781Z,3399.0,6,https://gitlab.ddbuild.io/DataDog/datadog-agent/-/pipelines/90239482
90239224,success,main,push,2026-01-12T16:33:18.781Z,2026-01-12T18:00:00.266Z,5128.0,83,https://gitlab.ddbuild.io/DataDog/datadog-agent/-/pipelines/90239224
90237245,failed,ibraheem/update-histogram-helpers-api,push,2026-01-12T16:29:40.083Z,2026-01-12T18:42:01.375Z,7175.0,104,https://gitlab.ddbuild.io/DataDog/datadog-agent/-/pipelines/90237245
90236824,failed,arnaud.py/SINT-4518,push,2026-01-12T16:28:14.150Z,2026-01-12T18:28:43.341Z,7168.0,77,https://gitlab.ddbuild.io/DataDog/datadog-agent/-/pipelines/90236824
90233891,failed,maxime.chambre/AGENTRUN-943-shlib-checks-permissions,push,2026-01-12T16:12:36.939Z,2026-01-12T17:38:57.949Z,5110.0,75,https://gitlab.ddbuild.io/DataDog/datadog-agent/-/pipelines/90233891
90233724,success,ronan.garet/incident-47881,web,2026-01-12T16:11:45.180Z,2026-01-12T17:39:22.256Z,5198.0,75,https://gitlab.ddbuild.io/DataDog/datadog-agent/-/pipelines/90233724
90233674,failed,nschweitzer/cla,push,2026-01-12T16:11:27.454Z,2026-01-12T17:39:09.731Z,5203.0,70,https://gitlab.ddbuild.io/DataDog/datadog-agent/-/pipelines/90233674
90232729,failed,nschweitzer/cla,push,2026-01-12T16:08:46.271Z,2026-01-12T17:03:20.024Z,3205.0,82,https://gitlab.ddbuild.io/DataDog/datadog-agent/-/pipelines/90232729
90230332,failed,bar.fins/add-sub-iis-sites,push,2026-01-12T16:03:38.967Z,2026-01-12T17:35:36.691Z,5450.0,75,https://gitlab.ddbuild.io/DataDog/datadog-agent/-/pipelines/90230332
90230295,failed,aiuto/expf,push,2026-01-12T16:03:34.350Z,2026-01-12T17:04:35.000Z,3595.0,84,https://gitlab.ddbuild.io/DataDog/datadog-agent/-/pipelines/90230295
90227407,success,grantseltzer/skip-lse-arm,push,2026-01-12T15:56:49.396Z,2026-01-12T19:37:27.359Z,6311.0,70,https://gitlab.ddbuild.io/DataDog/datadog-agent/-/pipelines/90227407
90225478,failed,guillermo.julian/cursor-e2e,push,2026-01-12T15:51:24.054Z,2026-01-12T17:46:43.037Z,6092.0,77,https://gitlab.ddbuild.io/DataDog/datadog-agent/-/pipelines/90225478
90225121,success,mq-working-branch-main-c01f31e,push,2026-01-12T15:50:58.175Z,2026-01-12T16:31:22.818Z,2416.0,20,https://gitlab.ddbuild.io/DataDog/datadog-agent/-/pipelines/90225121
90224676,failed,jsgette/sqg_correct_ancestor_release,push,2026-01-12T15:50:15.675Z,2026-01-12T17:05:41.760Z,4456.0,110,https://gitlab.ddbuild.io/DataDog/datadog-agent/-/pipelines/90224676
90223242,success,erwann.masson/hamr-rc-metrics-allowlist,push,2026-01-12T15:44:34.305Z,2026-01-12T16:59:59.580Z,4457.0,75,https://gitlab.ddbuild.io/DataDog/datadog-agent/-/pipelines/90223242
90223130,failed,dario.castane/ktlo/otel-free-trace-pkgs,push,2026-01-12T15:44:24.689Z,2026-01-12T17:23:57.165Z,5906.0,72,https://gitlab.ddbuild.io/DataDog/datadog-agent/-/pipelines/90223130
90222540,failed,dario.castane/ktlo/otel-free-trace-pkgs,push,2026-01-12T15:43:43.513Z,2026-01-12T15:51:53.718Z,418.0,86,https://gitlab.ddbuild.io/DataDog/datadog-agent/-/pipelines/90222540
90222248,failed,jsgette/bazel_openssl_fips,push,2026-01-12T15:43:18.391Z,2026-01-12T17:36:27.575Z,6710.0,118,https://gitlab.ddbuild.io/DataDog/datadog-agent/-/pipelines/90222248
90221444,success,mount-resolver-refactor,push,2026-01-12T15:38:59.459Z,2026-01-12T16:59:02.122Z,4745.0,59,https://gitlab.ddbuild.io/DataDog/datadog-agent/-/pipelines/90221444
90221397,failed,wyn.bennett/DELA-237-selective,push,2026-01-12T15:38:40.221Z,2026-01-12T17:18:12.369Z,5911.0,65,https://gitlab.ddbuild.io/DataDog/datadog-agent/-/pipelines/90221397
90221228,failed,grantseltzer/skip-lse-arm,push,2026-01-12T15:38:00.624Z,2026-01-12T16:41:27.747Z,3747.0,65,https://gitlab.ddbuild.io/DataDog/datadog-agent/-/pipelines/90221228
90221205,canceled,ronan.garet/incident-47881,push,2026-01-12T15:37:50.887Z,2026-01-12T16:10:09.114Z,1871.0,80,https://gitlab.ddbuild.io/DataDog/datadog-agent/-/pipelines/90221205
90220991,failed,dario.castane/ktlo/otel-free-trace-pkgs,push,2026-01-12T15:36:21.294Z,2026-01-12T16:57:40.231Z,4813.0,79,https://gitlab.ddbuild.io/DataDog/datadog-agent/-/pipelines/90220991
90220677,canceled,compare/triviajon/CONTINT-4925/k8s-latest-e2e-job/1768232066,api,2026-01-12T15:35:07.365Z,2026-01-12T15:37:12.279Z,70.0,68,https://gitlab.ddbuild.io/DataDog/datadog-agent/-/pipelines/90220677
90220414,success,louis-cqrl/add-inframode-ad-provider,push,2026-01-12T15:33:59.761Z,2026-01-12T17:05:41.823Z,5438.0,73,https://gitlab.ddbuild.io/DataDog/datadog-agent/-/pipelines/90220414
90220357,success,louis-cqrl/add-allowlist-logic-for-infra-mode,push,2026-01-12T15:33:46.943Z,2026-01-12T16:59:21.584Z,5070.0,78,https://gitlab.ddbuild.io/DataDog/datadog-agent/-/pipelines/90220357
90219621,success,triviajon/CONTINT-4925/k8s-latest-e2e-job,push,2026-01-12T15:32:52.717Z,2026-01-12T16:59:03.110Z,5101.0,78,https://gitlab.ddbuild.io/DataDog/datadog-agent/-/pipelines/90219621
90218072,failed,ronan.garet/incident-47881,web,2026-01-12T15:26:51.995Z,2026-01-12T15:42:30.821Z,880.0,73,https://gitlab.ddbuild.io/DataDog/datadog-agent/-/pipelines/90218072
90217995,failed,ronan.garet/incident-47881,push,2026-01-12T15:26:31.419Z,2026-01-12T15:39:50.259Z,743.0,72,https://gitlab.ddbuild.io/DataDog/datadog-agent/-/pipelines/90217995
90217632,failed,grantseltzer/skip-lse-arm,push,2026-01-12T15:25:19.026Z,2026-01-12T15:57:18.608Z,1862.0,65,https://gitlab.ddbuild.io/DataDog/datadog-agent/-/pipelines/90217632
90217242,failed,paul/fa-add-more-fleet-tests,push,2026-01-12T15:23:49.119Z,2026-01-12T16:33:59.866Z,4149.0,84,https://gitlab.ddbuild.io/DataDog/datadog-agent/-/pipelines/90217242
90214843,success,main,push,2026-01-12T15:17:55.533Z,2026-01-12T16:39:15.558Z,4809.0,91,https://gitlab.ddbuild.io/DataDog/datadog-agent/-/pipelines/90214843
90213835,failed,ronan.garet/incident-47881,web,2026-01-12T15:12:27.697Z,2026-01-12T15:38:47.627Z,1518.0,73,https://gitlab.ddbuild.io/DataDog/datadog-agent/-/pipelines/90213835
90212684,failed,ronan.garet/incident-47881,push,2026-01-12T15:09:00.036Z,2026-01-12T15:27:22.059Z,1032.0,104,https://gitlab.ddbuild.io/DataDog/datadog-agent/-/pipelines/90212684
90211644,success,main,push,2026-01-12T15:04:18.905Z,2026-01-12T17:57:56.722Z,9095.0,71,https://gitlab.ddbuild.io/DataDog/datadog-agent/-/pipelines/90211644
