benchmark,ns_per_op,bytes_per_op,allocs_per_op
TimeSamplerHook/sample_only/noop_hook,80.91,0.0,0
TimeSamplerHook/sample_only/noop_hook,80.58,0.0,0
TimeSamplerHook/sample_only/noop_hook,80.57,0.0,0
TimeSamplerHook/sample_only/noop_hook,80.85,0.0,0
TimeSamplerHook/sample_only/noop_hook,80.67,0.0,0
TimeSamplerHook/sample_only/noop_hook,85.61,0.0,0
TimeSamplerHook/sample_only/noop_hook,83.25,0.0,0
TimeSamplerHook/sample_only/noop_hook,81.05,0.0,0
TimeSamplerHook/sample_only/noop_hook,80.62,0.0,0
TimeSamplerHook/sample_only/noop_hook,81.27,0.0,0
TimeSamplerHook/sample_only/noop_hook,81.25,0.0,0
TimeSamplerHook/sample_only/noop_hook,81.13,0.0,0
TimeSamplerHook/sample_only/noop_hook,80.94,0.0,0
TimeSamplerHook/sample_only/noop_hook,80.57,0.0,0
TimeSamplerHook/sample_only/noop_hook,81.32,0.0,0
TimeSamplerHook/sample_only/noop_hook,81.86,0.0,0
TimeSamplerHook/sample_only/noop_hook,80.94,0.0,0
TimeSamplerHook/sample_only/noop_hook,80.31,0.0,0
TimeSamplerHook/sample_only/noop_hook,81.11,0.0,0
TimeSamplerHook/sample_only/noop_hook,81.64,0.0,0
TimeSamplerHook/sample_only/noop_hook,81.21,0.0,0
TimeSamplerHook/sample_only/noop_hook,81.52,0.0,0
TimeSamplerHook/sample_only/noop_hook,83.83,0.0,0
TimeSamplerHook/sample_only/noop_hook,82.13,0.0,0
TimeSamplerHook/sample_only/noop_hook,82.19,0.0,0
TimeSamplerHook/sample_only/noop_hook,81.03,0.0,0
TimeSamplerHook/sample_only/noop_hook,81.5,0.0,0
TimeSamplerHook/sample_only/noop_hook,80.64,0.0,0
TimeSamplerHook/sample_only/noop_hook,80.4,0.0,0
TimeSamplerHook/sample_only/noop_hook,80.67,0.0,0
TimeSamplerHook/sample_only/noop_hook,80.57,0.0,0
TimeSamplerHook/sample_only/noop_hook,81.27,0.0,0
TimeSamplerHook/sample_only/noop_hook,80.86,0.0,0
TimeSamplerHook/sample_only/noop_hook,80.68,0.0,0
TimeSamplerHook/sample_only/noop_hook,80.71,0.0,0
TimeSamplerHook/sample_only/noop_hook,80.6,0.0,0
TimeSamplerHook/sample_only/noop_hook,80.55,0.0,0
TimeSamplerHook/sample_only/noop_hook,80.54,0.0,0
TimeSamplerHook/sample_only/noop_hook,110.7,0.0,0
TimeSamplerHook/sample_only/noop_hook,94.0,0.0,0
TimeSamplerHook/sample_only/noop_hook,82.68,0.0,0
TimeSamplerHook/sample_only/noop_hook,80.95,0.0,0
TimeSamplerHook/sample_only/noop_hook,80.69,0.0,0
TimeSamplerHook/sample_only/noop_hook,81.26,0.0,0
TimeSamplerHook/sample_only/noop_hook,80.74,0.0,0
TimeSamplerHook/sample_only/noop_hook,80.88,0.0,0
TimeSamplerHook/sample_only/noop_hook,80.76,0.0,0
TimeSamplerHook/sample_only/noop_hook,80.79,0.0,0
TimeSamplerHook/sample_only/noop_hook,81.26,0.0,0
TimeSamplerHook/sample_only/noop_hook,81.05,0.0,0
TimeSamplerHook/batch32_publish/noop_hook,2612.0,0.0,0
TimeSamplerHook/batch32_publish/noop_hook,2593.0,0.0,0
TimeSamplerHook/batch32_publish/noop_hook,2630.0,0.0,0
TimeSamplerHook/batch32_publish/noop_hook,2626.0,0.0,0
TimeSamplerHook/batch32_publish/noop_hook,2613.0,0.0,0
TimeSamplerHook/batch32_publish/noop_hook,2767.0,0.0,0
TimeSamplerHook/batch32_publish/noop_hook,2612.0,0.0,0
TimeSamplerHook/batch32_publish/noop_hook,2620.0,0.0,0
TimeSamplerHook/batch32_publish/noop_hook,2618.0,0.0,0
TimeSamplerHook/batch32_publish/noop_hook,2621.0,0.0,0
TimeSamplerHook/batch32_publish/noop_hook,2650.0,0.0,0
TimeSamplerHook/batch32_publish/noop_hook,2646.0,0.0,0
TimeSamplerHook/batch32_publish/noop_hook,2635.0,0.0,0
TimeSamplerHook/batch32_publish/noop_hook,2628.0,0.0,0
TimeSamplerHook/batch32_publish/noop_hook,2623.0,0.0,0
TimeSamplerHook/batch32_publish/noop_hook,2618.0,0.0,0
TimeSamplerHook/batch32_publish/noop_hook,2606.0,0.0,0
TimeSamplerHook/batch32_publish/noop_hook,2613.0,0.0,0
TimeSamplerHook/batch32_publish/noop_hook,2620.0,0.0,0
TimeSamplerHook/batch32_publish/noop_hook,2613.0,0.0,0
TimeSamplerHook/batch32_publish/noop_hook,2628.0,0.0,0
TimeSamplerHook/batch32_publish/noop_hook,2626.0,0.0,0
TimeSamplerHook/batch32_publish/noop_hook,2674.0,0.0,0
TimeSamplerHook/batch32_publish/noop_hook,2600.0,0.0,0
TimeSamplerHook/batch32_publish/noop_hook,2611.0,0.0,0
TimeSamplerHook/batch32_publish/noop_hook,2615.0,0.0,0
TimeSamplerHook/batch32_publish/noop_hook,2602.0,0.0,0
TimeSamplerHook/batch32_publish/noop_hook,2624.0,0.0,0
TimeSamplerHook/batch32_publish/noop_hook,2604.0,0.0,0
TimeSamplerHook/batch32_publish/noop_hook,2624.0,0.0,0
TimeSamplerHook/batch32_publish/noop_hook,2614.0,0.0,0
TimeSamplerHook/batch32_publish/noop_hook,2589.0,0.0,0
TimeSamplerHook/batch32_publish/noop_hook,2676.0,0.0,0
TimeSamplerHook/batch32_publish/noop_hook,2638.0,0.0,0
TimeSamplerHook/batch32_publish/noop_hook,2599.0,0.0,0
TimeSamplerHook/batch32_publish/noop_hook,2595.0,0.0,0
TimeSamplerHook/batch32_publish/noop_hook,2611.0,0.0,0
TimeSamplerHook/batch32_publish/noop_hook,2619.0,0.0,0
TimeSamplerHook/batch32_publish/noop_hook,2645.0,0.0,0
TimeSamplerHook/batch32_publish/noop_hook,2659.0,0.0,0
TimeSamplerHook/batch32_publish/noop_hook,2614.0,0.0,0
TimeSamplerHook/batch32_publish/noop_hook,2620.0,0.0,0
TimeSamplerHook/batch32_publish/noop_hook,2621.0,0.0,0
TimeSamplerHook/batch32_publish/noop_hook,2623.0,0.0,0
TimeSamplerHook/batch32_publish/noop_hook,2619.0,0.0,0
TimeSamplerHook/batch32_publish/noop_hook,2620.0,0.0,0
TimeSamplerHook/batch32_publish/noop_hook,2823.0,0.0,0
TimeSamplerHook/batch32_publish/noop_hook,2628.0,0.0,0
TimeSamplerHook/batch32_publish/noop_hook,2646.0,0.0,0
TimeSamplerHook/batch32_publish/noop_hook,2635.0,0.0,0
TimeSamplerHook/sample_only/0sub,81.37,0.0,0
TimeSamplerHook/sample_only/0sub,83.02,0.0,0
TimeSamplerHook/sample_only/0sub,83.27,0.0,0
TimeSamplerHook/sample_only/0sub,81.37,0.0,0
TimeSamplerHook/sample_only/0sub,82.26,0.0,0
TimeSamplerHook/sample_only/0sub,83.02,0.0,0
TimeSamplerHook/sample_only/0sub,81.27,0.0,0
TimeSamplerHook/sample_only/0sub,81.34,0.0,0
TimeSamplerHook/sample_only/0sub,81.5,0.0,0
TimeSamplerHook/sample_only/0sub,81.39,0.0,0
TimeSamplerHook/sample_only/0sub,81.55,0.0,0
TimeSamplerHook/sample_only/0sub,106.6,0.0,0
TimeSamplerHook/sample_only/0sub,81.89,0.0,0
TimeSamplerHook/sample_only/0sub,81.41,0.0,0
TimeSamplerHook/sample_only/0sub,81.41,0.0,0
TimeSamplerHook/sample_only/0sub,82.12,0.0,0
TimeSamplerHook/sample_only/0sub,81.61,0.0,0
TimeSamplerHook/sample_only/0sub,81.28,0.0,0
TimeSamplerHook/sample_only/0sub,81.05,0.0,0
TimeSamplerHook/sample_only/0sub,81.68,0.0,0
TimeSamplerHook/sample_only/0sub,81.42,0.0,0
TimeSamplerHook/sample_only/0sub,81.11,0.0,0
TimeSamplerHook/sample_only/0sub,82.8,0.0,0
TimeSamplerHook/sample_only/0sub,81.47,0.0,0
TimeSamplerHook/sample_only/0sub,81.15,0.0,0
TimeSamplerHook/sample_only/0sub,82.49,0.0,0
TimeSamplerHook/sample_only/0sub,83.47,0.0,0
TimeSamplerHook/sample_only/0sub,81.2,0.0,0
TimeSamplerHook/sample_only/0sub,82.6,0.0,0
TimeSamplerHook/sample_only/0sub,82.64,0.0,0
TimeSamplerHook/sample_only/0sub,83.0,0.0,0
TimeSamplerHook/sample_only/0sub,81.73,0.0,0
TimeSamplerHook/sample_only/0sub,81.34,0.0,0
TimeSamplerHook/sample_only/0sub,81.0,0.0,0
TimeSamplerHook/sample_only/0sub,81.1,0.0,0
TimeSamplerHook/sample_only/0sub,81.29,0.0,0
TimeSamplerHook/sample_only/0sub,81.23,0.0,0
TimeSamplerHook/sample_only/0sub,82.04,0.0,0
TimeSamplerHook/sample_only/0sub,81.82,0.0,0
TimeSamplerHook/sample_only/0sub,82.89,0.0,0
TimeSamplerHook/sample_only/0sub,81.63,0.0,0
TimeSamplerHook/sample_only/0sub,81.28,0.0,0
TimeSamplerHook/sample_only/0sub,81.27,0.0,0
TimeSamplerHook/sample_only/0sub,81.07,0.0,0
TimeSamplerHook/sample_only/0sub,80.94,0.0,0
TimeSamplerHook/sample_only/0sub,80.72,0.0,0
TimeSamplerHook/sample_only/0sub,81.26,0.0,0
TimeSamplerHook/sample_only/0sub,81.29,0.0,0
TimeSamplerHook/sample_only/0sub,81.4,0.0,0
TimeSamplerHook/sample_only/0sub,80.8,0.0,0
TimeSamplerHook/batch32_publish/0sub,2637.0,0.0,0
TimeSamplerHook/batch32_publish/0sub,2636.0,0.0,0
TimeSamplerHook/batch32_publish/0sub,2631.0,0.0,0
TimeSamplerHook/batch32_publish/0sub,2624.0,0.0,0
TimeSamplerHook/batch32_publish/0sub,2630.0,0.0,0
TimeSamplerHook/batch32_publish/0sub,2652.0,0.0,0
TimeSamplerHook/batch32_publish/0sub,2639.0,0.0,0
TimeSamplerHook/batch32_publish/0sub,2638.0,0.0,0
TimeSamplerHook/batch32_publish/0sub,2622.0,0.0,0
TimeSamplerHook/batch32_publish/0sub,2632.0,0.0,0
TimeSamplerHook/batch32_publish/0sub,2620.0,0.0,0
TimeSamplerHook/batch32_publish/0sub,2608.0,0.0,0
TimeSamplerHook/batch32_publish/0sub,2663.0,0.0,0
TimeSamplerHook/batch32_publish/0sub,2659.0,0.0,0
TimeSamplerHook/batch32_publish/0sub,2653.0,0.0,0
TimeSamplerHook/batch32_publish/0sub,3037.0,0.0,0
TimeSamplerHook/batch32_publish/0sub,2630.0,0.0,0
TimeSamplerHook/batch32_publish/0sub,2616.0,0.0,0
TimeSamplerHook/batch32_publish/0sub,2672.0,0.0,0
TimeSamplerHook/batch32_publish/0sub,2642.0,0.0,0
TimeSamplerHook/batch32_publish/0sub,2631.0,0.0,0
TimeSamplerHook/batch32_publish/0sub,2610.0,0.0,0
TimeSamplerHook/batch32_publish/0sub,2670.0,0.0,0
TimeSamplerHook/batch32_publish/0sub,2646.0,0.0,0
TimeSamplerHook/batch32_publish/0sub,2635.0,0.0,0
TimeSamplerHook/batch32_publish/0sub,2622.0,0.0,0
TimeSamplerHook/batch32_publish/0sub,2622.0,0.0,0
TimeSamplerHook/batch32_publish/0sub,2625.0,0.0,0
TimeSamplerHook/batch32_publish/0sub,2604.0,0.0,0
TimeSamplerHook/batch32_publish/0sub,2629.0,0.0,0
TimeSamplerHook/batch32_publish/0sub,2627.0,0.0,0
TimeSamplerHook/batch32_publish/0sub,2644.0,0.0,0
TimeSamplerHook/batch32_publish/0sub,2616.0,0.0,0
TimeSamplerHook/batch32_publish/0sub,2628.0,0.0,0
TimeSamplerHook/batch32_publish/0sub,2638.0,0.0,0
TimeSamplerHook/batch32_publish/0sub,2626.0,0.0,0
TimeSamplerHook/batch32_publish/0sub,2619.0,0.0,0
TimeSamplerHook/batch32_publish/0sub,2619.0,0.0,0
TimeSamplerHook/batch32_publish/0sub,2655.0,0.0,0
TimeSamplerHook/batch32_publish/0sub,2733.0,0.0,0
TimeSamplerHook/batch32_publish/0sub,2712.0,0.0,0
TimeSamplerHook/batch32_publish/0sub,2670.0,0.0,0
TimeSamplerHook/batch32_publish/0sub,2657.0,0.0,0
TimeSamplerHook/batch32_publish/0sub,2643.0,0.0,0
TimeSamplerHook/batch32_publish/0sub,2637.0,0.0,0
TimeSamplerHook/batch32_publish/0sub,2751.0,0.0,0
TimeSamplerHook/batch32_publish/0sub,2619.0,0.0,0
TimeSamplerHook/batch32_publish/0sub,2631.0,0.0,0
TimeSamplerHook/batch32_publish/0sub,2631.0,0.0,0
TimeSamplerHook/batch32_publish/0sub,2619.0,0.0,0
TimeSamplerHook/sample_only/1sub,80.73,0.0,0
TimeSamplerHook/sample_only/1sub,80.76,0.0,0
TimeSamplerHook/sample_only/1sub,80.53,0.0,0
TimeSamplerHook/sample_only/1sub,80.98,0.0,0
TimeSamplerHook/sample_only/1sub,81.27,0.0,0
TimeSamplerHook/sample_only/1sub,82.72,0.0,0
TimeSamplerHook/sample_only/1sub,81.02,0.0,0
TimeSamplerHook/sample_only/1sub,80.42,0.0,0
TimeSamplerHook/sample_only/1sub,80.98,0.0,0
TimeSamplerHook/sample_only/1sub,80.62,0.0,0
TimeSamplerHook/sample_only/1sub,80.59,0.0,0
TimeSamplerHook/sample_only/1sub,82.69,0.0,0
TimeSamplerHook/sample_only/1sub,81.71,0.0,0
TimeSamplerHook/sample_only/1sub,81.05,0.0,0
TimeSamplerHook/sample_only/1sub,81.02,0.0,0
TimeSamplerHook/sample_only/1sub,80.75,0.0,0
TimeSamplerHook/sample_only/1sub,80.44,0.0,0
TimeSamplerHook/sample_only/1sub,80.06,0.0,0
TimeSamplerHook/sample_only/1sub,80.38,0.0,0
TimeSamplerHook/sample_only/1sub,80.18,0.0,0
TimeSamplerHook/sample_only/1sub,80.79,0.0,0
TimeSamplerHook/sample_only/1sub,80.39,0.0,0
TimeSamplerHook/sample_only/1sub,82.36,0.0,0
TimeSamplerHook/sample_only/1sub,80.16,0.0,0
TimeSamplerHook/sample_only/1sub,80.59,0.0,0
TimeSamplerHook/sample_only/1sub,80.08,0.0,0
TimeSamplerHook/sample_only/1sub,80.37,0.0,0
TimeSamplerHook/sample_only/1sub,80.94,0.0,0
TimeSamplerHook/sample_only/1sub,81.0,0.0,0
TimeSamplerHook/sample_only/1sub,80.58,0.0,0
TimeSamplerHook/sample_only/1sub,80.48,0.0,0
TimeSamplerHook/sample_only/1sub,80.42,0.0,0
TimeSamplerHook/sample_only/1sub,90.6,0.0,0
TimeSamplerHook/sample_only/1sub,80.75,0.0,0
TimeSamplerHook/sample_only/1sub,80.54,0.0,0
TimeSamplerHook/sample_only/1sub,80.5,0.0,0
TimeSamplerHook/sample_only/1sub,81.05,0.0,0
TimeSamplerHook/sample_only/1sub,83.17,0.0,0
TimeSamplerHook/sample_only/1sub,81.86,0.0,0
TimeSamplerHook/sample_only/1sub,80.9,0.0,0
TimeSamplerHook/sample_only/1sub,80.28,0.0,0
TimeSamplerHook/sample_only/1sub,80.47,0.0,0
TimeSamplerHook/sample_only/1sub,80.4,0.0,0
TimeSamplerHook/sample_only/1sub,80.52,0.0,0
TimeSamplerHook/sample_only/1sub,80.7,0.0,0
TimeSamplerHook/sample_only/1sub,80.37,0.0,0
TimeSamplerHook/sample_only/1sub,80.62,0.0,0
TimeSamplerHook/sample_only/1sub,80.0,0.0,0
TimeSamplerHook/sample_only/1sub,79.91,0.0,0
TimeSamplerHook/batch32_publish/1sub,2774.0,21.0,0
TimeSamplerHook/batch32_publish/1sub,2769.0,20.0,0
TimeSamplerHook/batch32_publish/1sub,2764.0,23.0,0
TimeSamplerHook/batch32_publish/1sub,2803.0,30.0,0
TimeSamplerHook/batch32_publish/1sub,2826.0,38.0,0
TimeSamplerHook/batch32_publish/1sub,2861.0,40.0,0
TimeSamplerHook/batch32_publish/1sub,2766.0,23.0,0
TimeSamplerHook/batch32_publish/1sub,2795.0,24.0,0
TimeSamplerHook/batch32_publish/1sub,2763.0,20.0,0
TimeSamplerHook/batch32_publish/1sub,2768.0,22.0,0
TimeSamplerHook/batch32_publish/1sub,2751.0,20.0,0
TimeSamplerHook/batch32_publish/1sub,2776.0,28.0,0
TimeSamplerHook/batch32_publish/1sub,2779.0,24.0,0
TimeSamplerHook/batch32_publish/1sub,2776.0,28.0,0
TimeSamplerHook/batch32_publish/1sub,2773.0,28.0,0
TimeSamplerHook/batch32_publish/1sub,2779.0,24.0,0
TimeSamplerHook/batch32_publish/1sub,2765.0,22.0,0
TimeSamplerHook/batch32_publish/1sub,2776.0,20.0,0
TimeSamplerHook/batch32_publish/1sub,2759.0,22.0,0
TimeSamplerHook/batch32_publish/1sub,2784.0,28.0,0
TimeSamplerHook/batch32_publish/1sub,2761.0,28.0,0
TimeSamplerHook/batch32_publish/1sub,2773.0,28.0,0
TimeSamplerHook/batch32_publish/1sub,2870.0,37.0,0
TimeSamplerHook/batch32_publish/1sub,2765.0,18.0,0
TimeSamplerHook/batch32_publish/1sub,2764.0,22.0,0
TimeSamplerHook/batch32_publish/1sub,2758.0,22.0,0
TimeSamplerHook/batch32_publish/1sub,2758.0,22.0,0
TimeSamplerHook/batch32_publish/1sub,2793.0,30.0,0
TimeSamplerHook/batch32_publish/1sub,2776.0,30.0,0
TimeSamplerHook/batch32_publish/1sub,2773.0,27.0,0
TimeSamplerHook/batch32_publish/1sub,2768.0,29.0,0
TimeSamplerHook/batch32_publish/1sub,2765.0,26.0,0
TimeSamplerHook/batch32_publish/1sub,2772.0,26.0,0
TimeSamplerHook/batch32_publish/1sub,2762.0,22.0,0
TimeSamplerHook/batch32_publish/1sub,2786.0,23.0,0
TimeSamplerHook/batch32_publish/1sub,2758.0,22.0,0
TimeSamplerHook/batch32_publish/1sub,2765.0,24.0,0
TimeSamplerHook/batch32_publish/1sub,2763.0,28.0,0
TimeSamplerHook/batch32_publish/1sub,2801.0,37.0,0
TimeSamplerHook/batch32_publish/1sub,2800.0,34.0,0
TimeSamplerHook/batch32_publish/1sub,2759.0,23.0,0
TimeSamplerHook/batch32_publish/1sub,2759.0,21.0,0
TimeSamplerHook/batch32_publish/1sub,2754.0,23.0,0
TimeSamplerHook/batch32_publish/1sub,2768.0,20.0,0
TimeSamplerHook/batch32_publish/1sub,2796.0,31.0,0
TimeSamplerHook/batch32_publish/1sub,2987.0,32.0,0
TimeSamplerHook/batch32_publish/1sub,2922.0,25.0,0
TimeSamplerHook/batch32_publish/1sub,2909.0,27.0,0
TimeSamplerHook/batch32_publish/1sub,2789.0,25.0,0
TimeSamplerHook/batch32_publish/1sub,2849.0,13.0,0
TimeSamplerHook/sample_only/5sub,81.57,0.0,0
TimeSamplerHook/sample_only/5sub,81.68,0.0,0
TimeSamplerHook/sample_only/5sub,81.86,0.0,0
TimeSamplerHook/sample_only/5sub,82.08,0.0,0
TimeSamplerHook/sample_only/5sub,81.31,0.0,0
TimeSamplerHook/sample_only/5sub,82.13,0.0,0
TimeSamplerHook/sample_only/5sub,82.3,0.0,0
TimeSamplerHook/sample_only/5sub,80.69,0.0,0
TimeSamplerHook/sample_only/5sub,81.12,0.0,0
TimeSamplerHook/sample_only/5sub,80.94,0.0,0
TimeSamplerHook/sample_only/5sub,81.27,0.0,0
TimeSamplerHook/sample_only/5sub,81.64,0.0,0
TimeSamplerHook/sample_only/5sub,81.93,0.0,0
TimeSamplerHook/sample_only/5sub,81.67,0.0,0
TimeSamplerHook/sample_only/5sub,81.63,0.0,0
TimeSamplerHook/sample_only/5sub,81.05,0.0,0
TimeSamplerHook/sample_only/5sub,80.92,0.0,0
TimeSamplerHook/sample_only/5sub,81.87,0.0,0
TimeSamplerHook/sample_only/5sub,85.63,0.0,0
TimeSamplerHook/sample_only/5sub,81.62,0.0,0
TimeSamplerHook/sample_only/5sub,81.53,0.0,0
TimeSamplerHook/sample_only/5sub,81.77,0.0,0
TimeSamplerHook/sample_only/5sub,82.61,0.0,0
TimeSamplerHook/sample_only/5sub,81.45,0.0,0
TimeSamplerHook/sample_only/5sub,81.24,0.0,0
TimeSamplerHook/sample_only/5sub,81.2,0.0,0
TimeSamplerHook/sample_only/5sub,81.56,0.0,0
TimeSamplerHook/sample_only/5sub,81.29,0.0,0
TimeSamplerHook/sample_only/5sub,81.54,0.0,0
TimeSamplerHook/sample_only/5sub,81.17,0.0,0
TimeSamplerHook/sample_only/5sub,82.11,0.0,0
TimeSamplerHook/sample_only/5sub,81.35,0.0,0
TimeSamplerHook/sample_only/5sub,81.64,0.0,0
TimeSamplerHook/sample_only/5sub,81.62,0.0,0
TimeSamplerHook/sample_only/5sub,81.68,0.0,0
TimeSamplerHook/sample_only/5sub,81.79,0.0,0
TimeSamplerHook/sample_only/5sub,81.74,0.0,0
TimeSamplerHook/sample_only/5sub,81.78,0.0,0
TimeSamplerHook/sample_only/5sub,82.46,0.0,0
TimeSamplerHook/sample_only/5sub,85.9,0.0,0
TimeSamplerHook/sample_only/5sub,85.5,0.0,0
TimeSamplerHook/sample_only/5sub,81.74,0.0,0
TimeSamplerHook/sample_only/5sub,81.98,0.0,0
TimeSamplerHook/sample_only/5sub,81.59,0.0,0
TimeSamplerHook/sample_only/5sub,81.77,0.0,0
TimeSamplerHook/sample_only/5sub,81.14,0.0,0
TimeSamplerHook/sample_only/5sub,80.87,0.0,0
TimeSamplerHook/sample_only/5sub,81.21,0.0,0
TimeSamplerHook/sample_only/5sub,81.1,0.0,0
TimeSamplerHook/sample_only/5sub,80.99,0.0,0
TimeSamplerHook/batch32_publish/5sub,3102.0,2.0,0
TimeSamplerHook/batch32_publish/5sub,3174.0,1.0,0
TimeSamplerHook/batch32_publish/5sub,3193.0,14.0,0
TimeSamplerHook/batch32_publish/5sub,3128.0,1.0,0
TimeSamplerHook/batch32_publish/5sub,3191.0,2.0,0
TimeSamplerHook/batch32_publish/5sub,3216.0,4.0,0
TimeSamplerHook/batch32_publish/5sub,3217.0,1.0,0
TimeSamplerHook/batch32_publish/5sub,3104.0,1.0,0
TimeSamplerHook/batch32_publish/5sub,3078.0,1.0,0
TimeSamplerHook/batch32_publish/5sub,3074.0,2.0,0
TimeSamplerHook/batch32_publish/5sub,3422.0,16.0,0
TimeSamplerHook/batch32_publish/5sub,3388.0,3.0,0
TimeSamplerHook/batch32_publish/5sub,3430.0,5.0,0
TimeSamplerHook/batch32_publish/5sub,3184.0,1.0,0
TimeSamplerHook/batch32_publish/5sub,3140.0,1.0,0
TimeSamplerHook/batch32_publish/5sub,3061.0,0.0,0
TimeSamplerHook/batch32_publish/5sub,3133.0,2.0,0
TimeSamplerHook/batch32_publish/5sub,3088.0,0.0,0
TimeSamplerHook/batch32_publish/5sub,3167.0,2.0,0
TimeSamplerHook/batch32_publish/5sub,3164.0,4.0,0
TimeSamplerHook/batch32_publish/5sub,3663.0,30.0,0
TimeSamplerHook/batch32_publish/5sub,3341.0,4.0,0
TimeSamplerHook/batch32_publish/5sub,3315.0,6.0,0
TimeSamplerHook/batch32_publish/5sub,3211.0,2.0,0
TimeSamplerHook/batch32_publish/5sub,3188.0,2.0,0
TimeSamplerHook/batch32_publish/5sub,3100.0,1.0,0
TimeSamplerHook/batch32_publish/5sub,3126.0,1.0,0
TimeSamplerHook/batch32_publish/5sub,3180.0,1.0,0
TimeSamplerHook/batch32_publish/5sub,3145.0,2.0,0
TimeSamplerHook/batch32_publish/5sub,3146.0,1.0,0
TimeSamplerHook/batch32_publish/5sub,3106.0,1.0,0
TimeSamplerHook/batch32_publish/5sub,3074.0,1.0,0
TimeSamplerHook/batch32_publish/5sub,3364.0,17.0,0
TimeSamplerHook/batch32_publish/5sub,3286.0,5.0,0
TimeSamplerHook/batch32_publish/5sub,3106.0,1.0,0
TimeSamplerHook/batch32_publish/5sub,3313.0,3.0,0
TimeSamplerHook/batch32_publish/5sub,3211.0,2.0,0
TimeSamplerHook/batch32_publish/5sub,3351.0,4.0,0
TimeSamplerHook/batch32_publish/5sub,3220.0,1.0,0
TimeSamplerHook/batch32_publish/5sub,3287.0,2.0,0
TimeSamplerHook/batch32_publish/5sub,3259.0,1.0,0
TimeSamplerHook/batch32_publish/5sub,3139.0,1.0,0
TimeSamplerHook/batch32_publish/5sub,3095.0,1.0,0
TimeSamplerHook/batch32_publish/5sub,3150.0,2.0,0
TimeSamplerHook/batch32_publish/5sub,3165.0,2.0,0
TimeSamplerHook/batch32_publish/5sub,3185.0,3.0,0
TimeSamplerHook/batch32_publish/5sub,3135.0,2.0,0
TimeSamplerHook/batch32_publish/5sub,3142.0,1.0,0
TimeSamplerHook/batch32_publish/5sub,3167.0,1.0,0
TimeSamplerHook/batch32_publish/5sub,3176.0,2.0,0
NoAggWorkerHook/batch32/noop_hook,2.14,0.0,0
NoAggWorkerHook/batch32/noop_hook,2.119,0.0,0
NoAggWorkerHook/batch32/noop_hook,2.122,0.0,0
NoAggWorkerHook/batch32/noop_hook,2.123,0.0,0
NoAggWorkerHook/batch32/noop_hook,2.148,0.0,0
NoAggWorkerHook/batch32/noop_hook,2.134,0.0,0
NoAggWorkerHook/batch32/noop_hook,2.201,0.0,0
NoAggWorkerHook/batch32/noop_hook,2.127,0.0,0
NoAggWorkerHook/batch32/noop_hook,2.132,0.0,0
NoAggWorkerHook/batch32/noop_hook,2.134,0.0,0
NoAggWorkerHook/batch32/noop_hook,2.122,0.0,0
NoAggWorkerHook/batch32/noop_hook,2.124,0.0,0
NoAggWorkerHook/batch32/noop_hook,2.139,0.0,0
NoAggWorkerHook/batch32/noop_hook,2.125,0.0,0
NoAggWorkerHook/batch32/noop_hook,2.128,0.0,0
NoAggWorkerHook/batch32/noop_hook,2.135,0.0,0
NoAggWorkerHook/batch32/noop_hook,2.137,0.0,0
NoAggWorkerHook/batch32/noop_hook,2.154,0.0,0
NoAggWorkerHook/batch32/noop_hook,2.181,0.0,0
NoAggWorkerHook/batch32/noop_hook,2.134,0.0,0
NoAggWorkerHook/batch32/noop_hook,2.127,0.0,0
NoAggWorkerHook/batch32/noop_hook,2.121,0.0,0
NoAggWorkerHook/batch32/noop_hook,2.125,0.0,0
NoAggWorkerHook/batch32/noop_hook,2.152,0.0,0
NoAggWorkerHook/batch32/noop_hook,2.125,0.0,0
NoAggWorkerHook/batch32/noop_hook,2.137,0.0,0
NoAggWorkerHook/batch32/noop_hook,2.194,0.0,0
NoAggWorkerHook/batch32/noop_hook,2.116,0.0,0
NoAggWorkerHook/batch32/noop_hook,2.125,0.0,0
NoAggWorkerHook/batch32/noop_hook,2.154,0.0,0
NoAggWorkerHook/batch32/noop_hook,2.153,0.0,0
NoAggWorkerHook/batch32/noop_hook,2.124,0.0,0
NoAggWorkerHook/batch32/noop_hook,2.126,0.0,0
NoAggWorkerHook/batch32/noop_hook,2.136,0.0,0
NoAggWorkerHook/batch32/noop_hook,2.142,0.0,0
NoAggWorkerHook/batch32/noop_hook,2.119,0.0,0
NoAggWorkerHook/batch32/noop_hook,2.138,0.0,0
NoAggWorkerHook/batch32/noop_hook,2.115,0.0,0
NoAggWorkerHook/batch32/noop_hook,2.116,0.0,0
NoAggWorkerHook/batch32/noop_hook,2.109,0.0,0
NoAggWorkerHook/batch32/noop_hook,2.421,0.0,0
NoAggWorkerHook/batch32/noop_hook,2.219,0.0,0
NoAggWorkerHook/batch32/noop_hook,2.261,0.0,0
NoAggWorkerHook/batch32/noop_hook,2.272,0.0,0
NoAggWorkerHook/batch32/noop_hook,2.131,0.0,0
NoAggWorkerHook/batch32/noop_hook,2.116,0.0,0
NoAggWorkerHook/batch32/noop_hook,2.129,0.0,0
NoAggWorkerHook/batch32/noop_hook,2.116,0.0,0
NoAggWorkerHook/batch32/noop_hook,2.12,0.0,0
NoAggWorkerHook/batch32/noop_hook,2.117,0.0,0
NoAggWorkerHook/batch32/0sub,2.142,0.0,0
NoAggWorkerHook/batch32/0sub,2.157,0.0,0
NoAggWorkerHook/batch32/0sub,2.14,0.0,0
NoAggWorkerHook/batch32/0sub,2.144,0.0,0
NoAggWorkerHook/batch32/0sub,2.153,0.0,0
NoAggWorkerHook/batch32/0sub,2.134,0.0,0
NoAggWorkerHook/batch32/0sub,2.162,0.0,0
NoAggWorkerHook/batch32/0sub,2.155,0.0,0
NoAggWorkerHook/batch32/0sub,2.241,0.0,0
NoAggWorkerHook/batch32/0sub,2.19,0.0,0
NoAggWorkerHook/batch32/0sub,2.177,0.0,0
NoAggWorkerHook/batch32/0sub,2.19,0.0,0
NoAggWorkerHook/batch32/0sub,2.165,0.0,0
NoAggWorkerHook/batch32/0sub,2.146,0.0,0
NoAggWorkerHook/batch32/0sub,2.133,0.0,0
NoAggWorkerHook/batch32/0sub,2.141,0.0,0
NoAggWorkerHook/batch32/0sub,2.169,0.0,0
NoAggWorkerHook/batch32/0sub,2.167,0.0,0
NoAggWorkerHook/batch32/0sub,2.177,0.0,0
NoAggWorkerHook/batch32/0sub,2.203,0.0,0
NoAggWorkerHook/batch32/0sub,2.159,0.0,0
NoAggWorkerHook/batch32/0sub,2.159,0.0,0
NoAggWorkerHook/batch32/0sub,2.148,0.0,0
NoAggWorkerHook/batch32/0sub,2.236,0.0,0
NoAggWorkerHook/batch32/0sub,2.186,0.0,0
NoAggWorkerHook/batch32/0sub,2.164,0.0,0
NoAggWorkerHook/batch32/0sub,2.143,0.0,0
NoAggWorkerHook/batch32/0sub,2.147,0.0,0
NoAggWorkerHook/batch32/0sub,2.166,0.0,0
NoAggWorkerHook/batch32/0sub,2.172,0.0,0
NoAggWorkerHook/batch32/0sub,2.144,0.0,0
NoAggWorkerHook/batch32/0sub,2.159,0.0,0
NoAggWorkerHook/batch32/0sub,2.147,0.0,0
NoAggWorkerHook/batch32/0sub,2.153,0.0,0
NoAggWorkerHook/batch32/0sub,2.144,0.0,0
NoAggWorkerHook/batch32/0sub,2.149,0.0,0
NoAggWorkerHook/batch32/0sub,2.148,0.0,0
NoAggWorkerHook/batch32/0sub,2.167,0.0,0
NoAggWorkerHook/batch32/0sub,2.155,0.0,0
NoAggWorkerHook/batch32/0sub,2.147,0.0,0
NoAggWorkerHook/batch32/0sub,2.214,0.0,0
NoAggWorkerHook/batch32/0sub,2.158,0.0,0
NoAggWorkerHook/batch32/0sub,2.138,0.0,0
NoAggWorkerHook/batch32/0sub,2.154,0.0,0
NoAggWorkerHook/batch32/0sub,2.152,0.0,0
NoAggWorkerHook/batch32/0sub,2.156,0.0,0
NoAggWorkerHook/batch32/0sub,2.163,0.0,0
NoAggWorkerHook/batch32/0sub,2.152,0.0,0
NoAggWorkerHook/batch32/0sub,2.13,0.0,0
NoAggWorkerHook/batch32/0sub,2.156,0.0,0
NoAggWorkerHook/batch32/1sub,1396.0,2850.0,1
NoAggWorkerHook/batch32/1sub,1377.0,2853.0,1
NoAggWorkerHook/batch32/1sub,1388.0,2850.0,1
NoAggWorkerHook/batch32/1sub,1429.0,2851.0,1
NoAggWorkerHook/batch32/1sub,1421.0,2851.0,1
NoAggWorkerHook/batch32/1sub,1376.0,2847.0,1
NoAggWorkerHook/batch32/1sub,1369.0,2849.0,1
NoAggWorkerHook/batch32/1sub,1472.0,2859.0,2
NoAggWorkerHook/batch32/1sub,1397.0,2854.0,1
NoAggWorkerHook/batch32/1sub,1397.0,2852.0,1
NoAggWorkerHook/batch32/1sub,1368.0,2853.0,1
NoAggWorkerHook/batch32/1sub,1419.0,2854.0,1
NoAggWorkerHook/batch32/1sub,1563.0,2871.0,2
NoAggWorkerHook/batch32/1sub,1444.0,2856.0,2
NoAggWorkerHook/batch32/1sub,1387.0,2853.0,1
NoAggWorkerHook/batch32/1sub,1410.0,2849.0,1
NoAggWorkerHook/batch32/1sub,1407.0,2850.0,1
NoAggWorkerHook/batch32/1sub,1437.0,2853.0,1
NoAggWorkerHook/batch32/1sub,1392.0,2850.0,1
NoAggWorkerHook/batch32/1sub,1401.0,2850.0,1
NoAggWorkerHook/batch32/1sub,1405.0,2853.0,1
NoAggWorkerHook/batch32/1sub,1404.0,2850.0,1
NoAggWorkerHook/batch32/1sub,1386.0,2851.0,1
NoAggWorkerHook/batch32/1sub,1411.0,2854.0,1
NoAggWorkerHook/batch32/1sub,1465.0,2858.0,2
NoAggWorkerHook/batch32/1sub,1430.0,2855.0,1
NoAggWorkerHook/batch32/1sub,1396.0,2848.0,1
NoAggWorkerHook/batch32/1sub,1413.0,2851.0,1
NoAggWorkerHook/batch32/1sub,1376.0,2846.0,1
NoAggWorkerHook/batch32/1sub,1387.0,2850.0,1
NoAggWorkerHook/batch32/1sub,1378.0,2852.0,1
NoAggWorkerHook/batch32/1sub,1414.0,2852.0,1
NoAggWorkerHook/batch32/1sub,1386.0,2851.0,1
NoAggWorkerHook/batch32/1sub,1424.0,2854.0,1
NoAggWorkerHook/batch32/1sub,1432.0,2852.0,1
NoAggWorkerHook/batch32/1sub,1379.0,2855.0,2
NoAggWorkerHook/batch32/1sub,1384.0,2854.0,1
NoAggWorkerHook/batch32/1sub,1376.0,2849.0,1
NoAggWorkerHook/batch32/1sub,1385.0,2849.0,1
NoAggWorkerHook/batch32/1sub,1382.0,2853.0,1
NoAggWorkerHook/batch32/1sub,1413.0,2852.0,1
NoAggWorkerHook/batch32/1sub,1467.0,2860.0,2
NoAggWorkerHook/batch32/1sub,1492.0,2851.0,1
NoAggWorkerHook/batch32/1sub,1399.0,2852.0,1
NoAggWorkerHook/batch32/1sub,1365.0,2848.0,1
NoAggWorkerHook/batch32/1sub,1389.0,2851.0,1
NoAggWorkerHook/batch32/1sub,1398.0,2852.0,1
NoAggWorkerHook/batch32/1sub,1373.0,2849.0,1
NoAggWorkerHook/batch32/1sub,1380.0,2853.0,1
NoAggWorkerHook/batch32/1sub,1371.0,2848.0,1
NoAggWorkerHook/batch32/5sub,2036.0,2866.0,2
NoAggWorkerHook/batch32/5sub,2027.0,2876.0,2
NoAggWorkerHook/batch32/5sub,2045.0,2878.0,2
NoAggWorkerHook/batch32/5sub,1965.0,2882.0,2
NoAggWorkerHook/batch32/5sub,2054.0,2892.0,2
NoAggWorkerHook/batch32/5sub,2314.0,2909.0,2
NoAggWorkerHook/batch32/5sub,2245.0,2910.0,2
NoAggWorkerHook/batch32/5sub,2052.0,2887.0,2
NoAggWorkerHook/batch32/5sub,2240.0,2889.0,2
NoAggWorkerHook/batch32/5sub,2019.0,2879.0,2
NoAggWorkerHook/batch32/5sub,1967.0,2874.0,2
NoAggWorkerHook/batch32/5sub,1983.0,2881.0,2
NoAggWorkerHook/batch32/5sub,2029.0,2883.0,2
NoAggWorkerHook/batch32/5sub,1984.0,2878.0,2
NoAggWorkerHook/batch32/5sub,2010.0,2882.0,2
NoAggWorkerHook/batch32/5sub,2005.0,2873.0,2
NoAggWorkerHook/batch32/5sub,2052.0,2881.0,2
NoAggWorkerHook/batch32/5sub,2065.0,2875.0,2
NoAggWorkerHook/batch32/5sub,2028.0,2878.0,2
NoAggWorkerHook/batch32/5sub,2040.0,2887.0,2
NoAggWorkerHook/batch32/5sub,2058.0,2886.0,2
NoAggWorkerHook/batch32/5sub,2007.0,2881.0,2
NoAggWorkerHook/batch32/5sub,2130.0,2910.0,2
NoAggWorkerHook/batch32/5sub,2065.0,2901.0,2
NoAggWorkerHook/batch32/5sub,2135.0,2904.0,2
NoAggWorkerHook/batch32/5sub,1982.0,2884.0,2
NoAggWorkerHook/batch32/5sub,2050.0,2894.0,2
NoAggWorkerHook/batch32/5sub,2030.0,2877.0,2
NoAggWorkerHook/batch32/5sub,2009.0,2866.0,2
NoAggWorkerHook/batch32/5sub,2035.0,2884.0,2
NoAggWorkerHook/batch32/5sub,2034.0,2877.0,2
NoAggWorkerHook/batch32/5sub,2014.0,2874.0,2
NoAggWorkerHook/batch32/5sub,2026.0,2882.0,2
NoAggWorkerHook/batch32/5sub,2079.0,2882.0,2
NoAggWorkerHook/batch32/5sub,2010.0,2888.0,2
NoAggWorkerHook/batch32/5sub,2005.0,2878.0,2
NoAggWorkerHook/batch32/5sub,2103.0,2887.0,2
NoAggWorkerHook/batch32/5sub,2002.0,2877.0,2
NoAggWorkerHook/batch32/5sub,2007.0,2873.0,2
NoAggWorkerHook/batch32/5sub,2030.0,2888.0,2
NoAggWorkerHook/batch32/5sub,2196.0,2892.0,2
NoAggWorkerHook/batch32/5sub,2051.0,2886.0,2
NoAggWorkerHook/batch32/5sub,2016.0,2886.0,2
NoAggWorkerHook/batch32/5sub,2061.0,2876.0,2
NoAggWorkerHook/batch32/5sub,2055.0,2892.0,2
NoAggWorkerHook/batch32/5sub,2104.0,2888.0,2
NoAggWorkerHook/batch32/5sub,2021.0,2874.0,2
NoAggWorkerHook/batch32/5sub,2245.0,2906.0,2
NoAggWorkerHook/batch32/5sub,2457.0,2926.0,2
CheckSamplerHook/noop_hook,2.311,0.0,0
CheckSamplerHook/noop_hook,2.158,0.0,0
CheckSamplerHook/noop_hook,2.145,0.0,0
CheckSamplerHook/noop_hook,2.124,0.0,0
CheckSamplerHook/noop_hook,2.131,0.0,0
CheckSamplerHook/noop_hook,2.115,0.0,0
CheckSamplerHook/noop_hook,2.114,0.0,0
CheckSamplerHook/noop_hook,2.123,0.0,0
CheckSamplerHook/noop_hook,2.168,0.0,0
CheckSamplerHook/noop_hook,2.123,0.0,0
CheckSamplerHook/noop_hook,2.115,0.0,0
CheckSamplerHook/noop_hook,2.121,0.0,0
CheckSamplerHook/noop_hook,2.122,0.0,0
CheckSamplerHook/noop_hook,2.117,0.0,0
CheckSamplerHook/noop_hook,2.12,0.0,0
CheckSamplerHook/noop_hook,2.126,0.0,0
CheckSamplerHook/noop_hook,2.12,0.0,0
CheckSamplerHook/noop_hook,2.485,0.0,0
CheckSamplerHook/noop_hook,2.099,0.0,0
CheckSamplerHook/noop_hook,2.124,0.0,0
CheckSamplerHook/noop_hook,2.118,0.0,0
CheckSamplerHook/noop_hook,2.128,0.0,0
CheckSamplerHook/noop_hook,2.123,0.0,0
CheckSamplerHook/noop_hook,2.124,0.0,0
CheckSamplerHook/noop_hook,2.148,0.0,0
CheckSamplerHook/noop_hook,2.147,0.0,0
CheckSamplerHook/noop_hook,2.123,0.0,0
CheckSamplerHook/noop_hook,2.114,0.0,0
CheckSamplerHook/noop_hook,2.118,0.0,0
CheckSamplerHook/noop_hook,2.116,0.0,0
CheckSamplerHook/noop_hook,2.106,0.0,0
CheckSamplerHook/noop_hook,2.14,0.0,0
CheckSamplerHook/noop_hook,2.138,0.0,0
CheckSamplerHook/noop_hook,2.137,0.0,0
CheckSamplerHook/noop_hook,2.142,0.0,0
CheckSamplerHook/noop_hook,2.125,0.0,0
CheckSamplerHook/noop_hook,2.129,0.0,0
CheckSamplerHook/noop_hook,2.124,0.0,0
CheckSamplerHook/noop_hook,2.12,0.0,0
CheckSamplerHook/noop_hook,2.119,0.0,0
CheckSamplerHook/noop_hook,2.124,0.0,0
CheckSamplerHook/noop_hook,2.213,0.0,0
CheckSamplerHook/noop_hook,2.169,0.0,0
CheckSamplerHook/noop_hook,2.125,0.0,0
CheckSamplerHook/noop_hook,2.123,0.0,0
CheckSamplerHook/noop_hook,2.119,0.0,0
CheckSamplerHook/noop_hook,2.116,0.0,0
CheckSamplerHook/noop_hook,2.113,0.0,0
CheckSamplerHook/noop_hook,2.121,0.0,0
CheckSamplerHook/noop_hook,2.126,0.0,0
CheckSamplerHook/0sub,2.159,0.0,0
CheckSamplerHook/0sub,2.133,0.0,0
CheckSamplerHook/0sub,2.135,0.0,0
CheckSamplerHook/0sub,2.127,0.0,0
CheckSamplerHook/0sub,2.126,0.0,0
CheckSamplerHook/0sub,2.131,0.0,0
CheckSamplerHook/0sub,2.116,0.0,0
CheckSamplerHook/0sub,2.129,0.0,0
CheckSamplerHook/0sub,2.14,0.0,0
CheckSamplerHook/0sub,2.143,0.0,0
CheckSamplerHook/0sub,2.138,0.0,0
CheckSamplerHook/0sub,2.173,0.0,0
CheckSamplerHook/0sub,2.127,0.0,0
CheckSamplerHook/0sub,2.122,0.0,0
CheckSamplerHook/0sub,2.122,0.0,0
CheckSamplerHook/0sub,2.134,0.0,0
CheckSamplerHook/0sub,2.129,0.0,0
CheckSamplerHook/0sub,2.123,0.0,0
CheckSamplerHook/0sub,2.168,0.0,0
CheckSamplerHook/0sub,2.128,0.0,0
CheckSamplerHook/0sub,2.13,0.0,0
CheckSamplerHook/0sub,2.115,0.0,0
CheckSamplerHook/0sub,2.124,0.0,0
CheckSamplerHook/0sub,2.116,0.0,0
CheckSamplerHook/0sub,2.119,0.0,0
CheckSamplerHook/0sub,2.167,0.0,0
CheckSamplerHook/0sub,2.126,0.0,0
CheckSamplerHook/0sub,2.142,0.0,0
CheckSamplerHook/0sub,2.139,0.0,0
CheckSamplerHook/0sub,2.129,0.0,0
CheckSamplerHook/0sub,2.122,0.0,0
CheckSamplerHook/0sub,2.116,0.0,0
CheckSamplerHook/0sub,2.131,0.0,0
CheckSamplerHook/0sub,2.162,0.0,0
CheckSamplerHook/0sub,2.159,0.0,0
CheckSamplerHook/0sub,2.195,0.0,0
CheckSamplerHook/0sub,2.138,0.0,0
CheckSamplerHook/0sub,2.13,0.0,0
CheckSamplerHook/0sub,2.122,0.0,0
CheckSamplerHook/0sub,2.115,0.0,0
CheckSamplerHook/0sub,2.123,0.0,0
CheckSamplerHook/0sub,2.131,0.0,0
CheckSamplerHook/0sub,2.15,0.0,0
CheckSamplerHook/0sub,2.127,0.0,0
CheckSamplerHook/0sub,2.13,0.0,0
CheckSamplerHook/0sub,2.128,0.0,0
CheckSamplerHook/0sub,2.113,0.0,0
CheckSamplerHook/0sub,2.109,0.0,0
CheckSamplerHook/0sub,2.126,0.0,0
CheckSamplerHook/0sub,2.122,0.0,0
CheckSamplerHook/1sub,383.8,340.0,2
CheckSamplerHook/1sub,368.4,334.0,2
CheckSamplerHook/1sub,366.9,331.0,2
CheckSamplerHook/1sub,361.6,331.0,2
CheckSamplerHook/1sub,350.9,322.0,2
CheckSamplerHook/1sub,349.0,320.0,2
CheckSamplerHook/1sub,354.1,326.0,2
CheckSamplerHook/1sub,377.7,339.0,2
CheckSamplerHook/1sub,391.7,347.0,2
CheckSamplerHook/1sub,371.3,333.0,2
CheckSamplerHook/1sub,369.3,333.0,2
CheckSamplerHook/1sub,358.2,328.0,2
CheckSamplerHook/1sub,353.0,323.0,2
CheckSamplerHook/1sub,356.0,327.0,2
CheckSamplerHook/1sub,363.0,331.0,2
CheckSamplerHook/1sub,370.3,331.0,2
CheckSamplerHook/1sub,398.1,334.0,2
CheckSamplerHook/1sub,370.2,335.0,2
CheckSamplerHook/1sub,367.9,332.0,2
CheckSamplerHook/1sub,357.7,329.0,2
CheckSamplerHook/1sub,367.4,333.0,2
CheckSamplerHook/1sub,366.2,328.0,2
CheckSamplerHook/1sub,360.7,329.0,2
CheckSamplerHook/1sub,367.9,330.0,2
CheckSamplerHook/1sub,391.4,340.0,2
CheckSamplerHook/1sub,390.5,347.0,2
CheckSamplerHook/1sub,385.5,339.0,2
CheckSamplerHook/1sub,383.2,344.0,2
CheckSamplerHook/1sub,398.9,347.0,2
CheckSamplerHook/1sub,367.6,332.0,2
CheckSamplerHook/1sub,366.4,336.0,2
CheckSamplerHook/1sub,379.1,343.0,2
CheckSamplerHook/1sub,378.4,336.0,2
CheckSamplerHook/1sub,381.1,341.0,2
CheckSamplerHook/1sub,374.7,335.0,2
CheckSamplerHook/1sub,374.4,341.0,2
CheckSamplerHook/1sub,378.0,340.0,2
CheckSamplerHook/1sub,361.3,332.0,2
CheckSamplerHook/1sub,352.1,323.0,2
CheckSamplerHook/1sub,363.9,328.0,2
CheckSamplerHook/1sub,371.2,330.0,2
CheckSamplerHook/1sub,379.5,337.0,2
CheckSamplerHook/1sub,395.4,345.0,2
CheckSamplerHook/1sub,381.4,343.0,2
CheckSamplerHook/1sub,378.9,342.0,2
CheckSamplerHook/1sub,355.4,327.0,2
CheckSamplerHook/1sub,355.6,322.0,2
CheckSamplerHook/1sub,350.3,324.0,2
CheckSamplerHook/1sub,354.3,324.0,2
CheckSamplerHook/5sub,829.5,356.0,2
CheckSamplerHook/5sub,851.2,360.0,2
CheckSamplerHook/5sub,808.5,332.0,2
CheckSamplerHook/5sub,799.3,332.0,2
CheckSamplerHook/5sub,753.2,304.0,2
CheckSamplerHook/5sub,756.4,295.0,2
CheckSamplerHook/5sub,738.6,292.0,2
CheckSamplerHook/5sub,735.6,284.0,2
CheckSamplerHook/5sub,750.8,307.0,2
CheckSamplerHook/5sub,813.0,337.0,2
CheckSamplerHook/5sub,884.7,390.0,2
CheckSamplerHook/5sub,797.3,333.0,2
CheckSamplerHook/5sub,756.6,306.0,2
CheckSamplerHook/5sub,753.3,303.0,2
CheckSamplerHook/5sub,734.8,286.0,2
CheckSamplerHook/5sub,812.2,337.0,2
CheckSamplerHook/5sub,807.5,329.0,2
CheckSamplerHook/5sub,788.6,316.0,2
CheckSamplerHook/5sub,810.7,335.0,2
CheckSamplerHook/5sub,788.1,337.0,2
CheckSamplerHook/5sub,817.6,352.0,2
CheckSamplerHook/5sub,1111.0,555.0,3
CheckSamplerHook/5sub,761.3,314.0,2
CheckSamplerHook/5sub,805.7,320.0,2
CheckSamplerHook/5sub,805.4,333.0,2
CheckSamplerHook/5sub,902.3,388.0,2
CheckSamplerHook/5sub,758.3,298.0,2
CheckSamplerHook/5sub,755.2,303.0,2
CheckSamplerHook/5sub,780.0,322.0,2
CheckSamplerHook/5sub,746.5,296.0,2
CheckSamplerHook/5sub,751.5,299.0,2
CheckSamplerHook/5sub,782.4,319.0,2
CheckSamplerHook/5sub,813.2,333.0,2
CheckSamplerHook/5sub,799.2,328.0,2
CheckSamplerHook/5sub,856.4,379.0,2
CheckSamplerHook/5sub,747.6,292.0,2
CheckSamplerHook/5sub,754.7,297.0,2
CheckSamplerHook/5sub,769.4,311.0,2
CheckSamplerHook/5sub,731.1,287.0,2
CheckSamplerHook/5sub,775.4,313.0,2
CheckSamplerHook/5sub,824.1,340.0,2
CheckSamplerHook/5sub,846.7,357.0,2
CheckSamplerHook/5sub,844.8,364.0,2
CheckSamplerHook/5sub,743.7,298.0,2
CheckSamplerHook/5sub,755.6,305.0,2
CheckSamplerHook/5sub,736.6,291.0,2
CheckSamplerHook/5sub,721.0,279.0,2
CheckSamplerHook/5sub,880.9,386.0,2
CheckSamplerHook/5sub,849.5,363.0,2
