Stage,Comparison,Case,Description,Goal,Replicates,Δ mean,Δ mean CI,Confidence,Erratic,Regression,Improvement,Effect size,Confidence threshold,Log
Stage A,main vs foundation,uds_dogstatsd_to_api_v3,Source DogStatsD v3-labeled throughput case (did not activate current v3 endpoint config),ingress throughput,"3 baseline, 3 comparison",-0.19%,"[-0.46%, +0.07%]",64.6%,false,false,false,±20.0%,80.0%,cases/stageA-main-vs-foundation-uds_dogstatsd_to_api_v3-rerun1.log
Stage A,main vs foundation,uds_dogstatsd_to_api,DogStatsD-to-API compatibility throughput,ingress throughput,"3 baseline, 3 comparison",-0.18%,"[-0.38%, +0.01%]",76.4%,false,false,false,±20.0%,80.0%,cases/stageA-main-vs-foundation-uds_dogstatsd_to_api.log
Stage A,main vs foundation,uds_dogstatsd_20mb_12k_contexts_20_senders,DogStatsD memory/cardinality/concurrency,memory utilization,"3 baseline, 3 comparison",+0.70%,"[+0.47%, +0.94%]",100.0%,false,false,false,±20.0%,80.0%,cases/stageA-main-vs-foundation-uds_dogstatsd_20mb_12k_contexts_20_senders.log
Stage B,foundation vs instrumentation,uds_dogstatsd_to_api_v3,Instrumentation-only overhead on source v3-labeled case,ingress throughput,"3 baseline, 3 comparison",-0.29%,"[-0.55%, -0.02%]",83.2%,false,false,false,±20.0%,80.0%,cases/stageB-foundation-vs-experiment-uds_dogstatsd_to_api_v3.log
Stage B,foundation vs instrumentation,uds_dogstatsd_to_api,Instrumentation-only overhead on API compatibility case,ingress throughput,"3 baseline, 3 comparison",-0.69%,"[-0.96%, -0.41%]",99.9%,false,false,false,±20.0%,80.0%,cases/stageB-foundation-vs-experiment-uds_dogstatsd_to_api.log
Stage B,foundation vs instrumentation,uds_dogstatsd_20mb_12k_contexts_20_senders,Instrumentation-only overhead on memory/cardinality/concurrency case,memory utilization,"3 baseline, 3 comparison",+0.77%,"[+0.56%, +0.99%]",100.0%,false,false,false,±20.0%,80.0%,cases/stageB-foundation-vs-experiment-uds_dogstatsd_20mb_12k_contexts_20_senders.log
Stage B,foundation vs instrumentation,uds_dogstatsd_to_api_v3_endpoint_fixed,Corrected local v3 endpoint case with metrics-v3 payload builder active,ingress throughput,"3 baseline, 3 comparison",+0.04%,"[-0.23%, +0.31%]",13.6%,false,false,true,±20.0%,80.0%,cases/stageB-foundation-vs-experiment-uds_dogstatsd_to_api_v3_endpoint_fixed.log
Stage C,instrumentation vs shadow segments,uds_dogstatsd_to_api_v3,Shadow segment-builder overhead on source v3-labeled case,ingress throughput,"3 baseline, 3 comparison",-0.19%,"[-0.38%, +0.01%]",78.1%,false,false,false,±20.0%,80.0%,cases/stageC-experiment-vs-shadow-uds_dogstatsd_to_api_v3.log
Stage C,instrumentation vs shadow segments,uds_dogstatsd_to_api,Shadow segment-builder overhead on API compatibility case,ingress throughput,"3 baseline, 3 comparison",-0.35%,"[-0.57%, -0.14%]",96.3%,false,false,false,±20.0%,80.0%,cases/stageC-experiment-vs-shadow-uds_dogstatsd_to_api.log
Stage C,instrumentation vs shadow segments,uds_dogstatsd_20mb_12k_contexts_20_senders,Shadow segment-builder overhead on memory/cardinality/concurrency case,memory utilization,"3 baseline, 3 comparison",+0.72%,"[+0.47%, +0.96%]",100.0%,false,false,false,±20.0%,80.0%,cases/stageC-experiment-vs-shadow-uds_dogstatsd_20mb_12k_contexts_20_senders.log
Stage C,instrumentation vs shadow segments,uds_dogstatsd_to_api_v3_endpoint_fixed,Corrected local v3 endpoint case with metrics-v3 payload builder active,ingress throughput,"3 baseline, 3 comparison",-0.04%,"[-0.32%, +0.24%]",13.3%,false,false,false,±20.0%,80.0%,cases/stageC-experiment-vs-shadow-uds_dogstatsd_to_api_v3_endpoint_fixed.log
Stage D,shadow segments vs direct row shadow,uds_dogstatsd_to_api_v3,Direct aggregator row shadow overhead on source v3-labeled case,ingress throughput,"3 baseline, 3 comparison",+0.46%,"[+0.18%, +0.74%]",96.2%,false,false,true,±20.0%,80.0%,cases/stageD-shadow-vs-direct-row-uds_dogstatsd_to_api_v3.log
Stage D,shadow segments vs direct row shadow,uds_dogstatsd_to_api,Direct aggregator row shadow overhead on API compatibility case,ingress throughput,"3 baseline, 3 comparison",-0.43%,"[-0.65%, -0.22%]",99.1%,false,false,false,±20.0%,80.0%,cases/stageD-shadow-vs-direct-row-uds_dogstatsd_to_api.log
Stage D,shadow segments vs direct row shadow,uds_dogstatsd_20mb_12k_contexts_20_senders,Direct aggregator row shadow overhead on memory/cardinality/concurrency case,memory utilization,"3 baseline, 3 comparison",+0.30%,"[+0.09%, +0.52%]",93.4%,false,false,false,±20.0%,80.0%,cases/stageD-shadow-vs-direct-row-uds_dogstatsd_20mb_12k_contexts_20_senders.log
Stage D,shadow segments vs direct row shadow,uds_dogstatsd_to_api_v3_endpoint_fixed,Corrected local v3 endpoint case with metrics-v3 payload builder active,ingress throughput,"3 baseline, 3 comparison",+0.16%,"[-0.04%, +0.36%]",70.6%,false,false,true,±20.0%,80.0%,cases/stageD-shadow-vs-direct-row-uds_dogstatsd_to_api_v3_endpoint_fixed.log
Stage E,direct row shadow vs direct active serializer,uds_dogstatsd_to_api_v3,Experimental direct serializer active via DD_DOGSTATSD_EXPERIMENTAL_DIRECT_SERIALIZER on source v3-labeled case,ingress throughput,"3 baseline, 3 comparison",-0.21%,"[-0.43%, +0.01%]",77.0%,false,false,false,±20.0%,80.0%,cases/stageE-direct-row-vs-direct-active-uds_dogstatsd_to_api_v3.log
Stage E,direct row shadow vs direct active serializer,uds_dogstatsd_to_api,Experimental direct serializer active via DD_DOGSTATSD_EXPERIMENTAL_DIRECT_SERIALIZER on API compatibility case,ingress throughput,"3 baseline, 3 comparison",-0.07%,"[-0.39%, +0.24%]",23.6%,false,false,false,±20.0%,80.0%,cases/stageE-direct-row-vs-direct-active-uds_dogstatsd_to_api.log
Stage E,direct row shadow vs direct active serializer,uds_dogstatsd_20mb_12k_contexts_20_senders,Experimental direct serializer active on memory/cardinality/concurrency case,memory utilization,"3 baseline, 3 comparison",-0.94%,"[-1.15%, -0.72%]",100.0%,false,false,true,±20.0%,80.0%,cases/stageE-direct-row-vs-direct-active-uds_dogstatsd_20mb_12k_contexts_20_senders.log
Stage E,direct row shadow vs direct active serializer,uds_dogstatsd_to_api_v3_endpoint_fixed,Experimental direct serializer active on corrected current v3 endpoint case,ingress throughput,"3 baseline, 3 comparison",+0.56%,"[+0.27%, +0.84%]",98.7%,false,false,true,±20.0%,80.0%,cases/stageE-direct-row-vs-direct-active-uds_dogstatsd_to_api_v3_endpoint_fixed.log
Stage F,direct active serializer vs direct series rows,uds_dogstatsd_to_api_v3,Direct serializer plus DogStatsD time-sampler series rows via DD_DOGSTATSD_EXPERIMENTAL_DIRECT_ROWS on source v3-labeled case,ingress throughput,"3 baseline, 3 comparison",+0.22%,"[-0.03%, +0.47%]",75.0%,false,false,true,±20.0%,80.0%,cases/stageF-direct-active-vs-direct-rows-uds_dogstatsd_to_api_v3.log
Stage F,direct active serializer vs direct series rows,uds_dogstatsd_to_api,Direct serializer plus DogStatsD time-sampler series rows on API compatibility case,ingress throughput,"3 baseline, 3 comparison",-0.13%,"[-0.36%, +0.10%]",54.0%,false,false,false,±20.0%,80.0%,cases/stageF-direct-active-vs-direct-rows-uds_dogstatsd_to_api.log
Stage F,direct active serializer vs direct series rows,uds_dogstatsd_20mb_12k_contexts_20_senders,Direct serializer plus DogStatsD time-sampler series rows on memory/cardinality/concurrency case,memory utilization,"3 baseline, 3 comparison",-0.21%,"[-0.44%, +0.01%]",77.6%,false,false,true,±20.0%,80.0%,cases/stageF-direct-active-vs-direct-rows-uds_dogstatsd_20mb_12k_contexts_20_senders.log
Stage F,direct active serializer vs direct series rows,uds_dogstatsd_to_api_v3_endpoint_fixed,Direct serializer plus DogStatsD time-sampler series rows on corrected current v3 endpoint case,ingress throughput,"3 baseline, 3 comparison",-0.12%,"[-0.37%, +0.13%]",45.7%,false,false,false,±20.0%,80.0%,cases/stageF-direct-active-vs-direct-rows-uds_dogstatsd_to_api_v3_endpoint_fixed-rerun1.log
Stage G,direct series rows vs direct metric rows,uds_dogstatsd_to_api_v3,Bypass metrics.Serie allocation during Metric.flush via DD_DOGSTATSD_EXPERIMENTAL_DIRECT_METRIC_ROWS on source v3-labeled case,ingress throughput,"3 baseline, 3 comparison",-0.08%,"[-0.35%, +0.19%]",29.3%,false,false,false,±20.0%,80.0%,cases/stageG-direct-rows-vs-direct-metric-rows-uds_dogstatsd_to_api_v3.log
Stage G,direct series rows vs direct metric rows,uds_dogstatsd_to_api,Bypass metrics.Serie allocation during Metric.flush on API compatibility case,ingress throughput,"3 baseline, 3 comparison",-0.00%,"[-0.24%, +0.24%]",1.3%,false,false,false,±20.0%,80.0%,cases/stageG-direct-rows-vs-direct-metric-rows-uds_dogstatsd_to_api.log
Stage G,direct series rows vs direct metric rows,uds_dogstatsd_20mb_12k_contexts_20_senders,Bypass metrics.Serie allocation during Metric.flush on memory/cardinality/concurrency case,memory utilization,"3 baseline, 3 comparison",-0.52%,"[-0.76%, -0.28%]",99.4%,false,false,true,±20.0%,80.0%,cases/stageG-direct-rows-vs-direct-metric-rows-uds_dogstatsd_20mb_12k_contexts_20_senders.log
Stage G,direct series rows vs direct metric rows,uds_dogstatsd_to_api_v3_endpoint_fixed,Bypass metrics.Serie allocation during Metric.flush on corrected current v3 endpoint case,ingress throughput,"3 baseline, 3 comparison",+0.02%,"[-0.23%, +0.26%]",6.8%,false,false,true,±20.0%,80.0%,cases/stageG-direct-rows-vs-direct-metric-rows-uds_dogstatsd_to_api_v3_endpoint_fixed.log
Stage G,direct series rows vs direct metric rows,uds_dogstatsd_to_api_v3_endpoint_fixed_250mb_metrics_only,High-rate metrics-only v3 endpoint probe to avoid the 100MiB/s generator cap,ingress throughput,"3 baseline, 3 comparison",-0.25%,"[-0.48%, -0.01%]",82.2%,false,false,false,±20.0%,80.0%,cases/stageG-direct-rows-vs-direct-metric-rows-uds_dogstatsd_to_api_v3_endpoint_fixed_250mb_metrics_only.log
Stage H,direct metric rows vs unordered direct context rows,uds_dogstatsd_to_api_v3_endpoint_fixed_250mb_metrics_only,Unsafe upper-bound probe bypassing context grouping/dedup with DD_DOGSTATSD_EXPERIMENTAL_DIRECT_CONTEXT_ROWS,ingress throughput,"3 baseline, 3 comparison",-0.51%,"[-0.73%, -0.29%]",99.7%,false,false,false,±20.0%,80.0%,cases/stageH-direct-metric-rows-vs-direct-context-rows-uds_dogstatsd_to_api_v3_endpoint_fixed_250mb_metrics_only.log
Stage I,direct metric rows vs columnar v3 naive,uds_dogstatsd_to_api_v3_endpoint_fixed_250mb_metrics_only,Narrow v3-only metric-only columnar vertical slice with parser direct insert; not wire-equivalent before row merge,ingress throughput,"3 baseline, 3 comparison",-4.74%,"[-5.12%, -4.35%]",100.0%,false,false,false,±20.0%,80.0%,cases/stageI-direct-metric-rows-vs-columnar-v3-uds_dogstatsd_to_api_v3_endpoint_fixed_250mb_metrics_only.log
Stage I,direct metric rows vs columnar v3 merged,uds_dogstatsd_to_api_v3_endpoint_fixed_250mb_metrics_only,Columnar v3 vertical slice with flush rows merged by identity,ingress throughput,"3 baseline, 3 comparison",-5.28%,"[-5.63%, -4.93%]",100.0%,false,false,false,±20.0%,80.0%,cases/stageI-direct-metric-rows-vs-columnar-v3-merged-uds_dogstatsd_to_api_v3_endpoint_fixed_250mb_metrics_only.log
Stage I,direct metric rows vs columnar v3 descriptors,uds_dogstatsd_to_api_v3_endpoint_fixed_250mb_metrics_only,Columnar v3 vertical slice reusing descriptors across buckets,ingress throughput,"3 baseline, 3 comparison",-6.68%,"[-6.96%, -6.40%]",100.0%,false,false,false,±20.0%,80.0%,cases/stageI-direct-metric-rows-vs-columnar-v3-descriptors-uds_dogstatsd_to_api_v3_endpoint_fixed_250mb_metrics_only.log
Stage I,direct metric rows vs columnar v3 lite telemetry,uds_dogstatsd_to_api_v3_endpoint_fixed_250mb_metrics_only,Columnar v3 descriptor slice with per-sample telemetry moved off hot path,ingress throughput,"3 baseline, 3 comparison",-6.02%,"[-6.28%, -5.77%]",100.0%,false,false,false,±20.0%,80.0%,cases/stageI-direct-metric-rows-vs-columnar-v3-lite-telemetry-uds_dogstatsd_to_api_v3_endpoint_fixed_250mb_metrics_only.log
Stage I,direct metric rows vs columnar v3 batched,uds_dogstatsd_to_api_v3_endpoint_fixed_250mb_metrics_only,Columnar v3 parser-to-shard-worker batched ingestion,ingress throughput,"3 baseline, 3 comparison",-8.02%,"[-8.27%, -7.76%]",100.0%,false,false,false,±20.0%,80.0%,cases/stageI-direct-metric-rows-vs-columnar-v3-batched-uds_dogstatsd_to_api_v3_endpoint_fixed_250mb_metrics_only.log
Stage I,direct metric rows vs columnar v3 batched nolock,uds_dogstatsd_to_api_v3_endpoint_fixed_250mb_metrics_only,Columnar v3 batched ingestion with shard-worker inserts avoiding shard mutex,ingress throughput,"3 baseline, 3 comparison",-8.61%,"[-8.86%, -8.37%]",100.0%,false,false,false,±20.0%,80.0%,cases/stageI-direct-metric-rows-vs-columnar-v3-batched-nolock-uds_dogstatsd_to_api_v3_endpoint_fixed_250mb_metrics_only.log
Stage I,direct metric rows vs columnar v3 bucket cache,uds_dogstatsd_to_api_v3_endpoint_fixed_250mb_metrics_only,Columnar v3 batched/nolock ingestion with descriptor-local current-bucket row cache,ingress throughput,"3 baseline, 3 comparison",-7.11%,"[-7.44%, -6.78%]",100.0%,false,false,false,±20.0%,80.0%,cases/stageI-direct-metric-rows-vs-columnar-v3-bucket-cache-uds_dogstatsd_to_api_v3_endpoint_fixed_250mb_metrics_only.log
Stage J,direct metric rows vs columnar v3 shard-only identity,uds_dogstatsd_to_api_v3_endpoint_fixed_250mb_metrics_only,Columnar v3 bucket-cache slice with parser hot path computing only needed shard identity when debug is off,ingress throughput,"3 baseline, 3 comparison",+13.57%,"[+13.28%, +13.86%]",100.0%,false,false,true,±20.0%,80.0%,cases/stageJ-direct-metric-rows-vs-columnar-v3-shard-only-uds_dogstatsd_to_api_v3_endpoint_fixed_250mb_metrics_only.log
Stage J,columnar v3 bucket-cache vs shard-only identity,uds_dogstatsd_to_api_v3_endpoint_fixed_250mb_metrics_only,Isolation run proving unused debug identity computation was the major Stage I bottleneck,ingress throughput,"3 baseline, 3 comparison",+24.07%,"[+23.57%, +24.57%]",100.0%,false,true,true,±20.0%,80.0%,cases/stageJ-columnar-v3-bucket-cache-vs-shard-only-uds_dogstatsd_to_api_v3_endpoint_fixed_250mb_metrics_only.log
Stage J,direct metric rows vs columnar v3 shard-only identity,uds_dogstatsd_to_api_v3_endpoint_fixed,Standard corrected v3 endpoint case with columnar shard-only identity optimization,ingress throughput,"3 baseline, 3 comparison",+2.83%,"[+2.44%, +3.22%]",100.0%,false,false,true,±20.0%,80.0%,cases/stageJ-direct-metric-rows-vs-columnar-v3-shard-only-uds_dogstatsd_to_api_v3_endpoint_fixed.log
Stage J,columnar v3 shard-only identity vs skip legacy flush,uds_dogstatsd_to_api_v3_endpoint_fixed_250mb_metrics_only,Unsafe upper-bound probe skipping the empty legacy fallback flush in the metrics-only columnar case,ingress throughput,"3 baseline, 3 comparison",-0.22%,"[-0.57%, +0.14%]",56.7%,false,false,false,±20.0%,80.0%,cases/stageJ-columnar-v3-shard-only-vs-skip-legacy-uds_dogstatsd_to_api_v3_endpoint_fixed_250mb_metrics_only.log
Stage L,columnar env-off vs columnar ingress-log,uds_dogstatsd_to_api_v3_endpoint_fixed_250mb_metrics_only,Byte-bounded ingress log caps high-rate overload memory,ingress throughput,"1 baseline, 1 comparison",-7.79%,"[-8.42%, -7.16%]",100.0%,false,false,false,±20.0%,80.0%,cases/stageL-ingress-log-env-off-vs-enabled-uds_dogstatsd_to_api_v3_endpoint_fixed_250mb_metrics_only.log
Stage L,direct metric rows vs columnar ingress-log,uds_dogstatsd_to_api_v3_endpoint_fixed_250mb_metrics_only,Columnar with explicit ingress backpressure vs direct-row baseline,ingress throughput,"1 baseline, 1 comparison",+4.90%,"[+4.37%, +5.44%]",100.0%,false,false,true,±20.0%,80.0%,cases/stageL-direct-metric-rows-vs-columnar-ingress-log-uds_dogstatsd_to_api_v3_endpoint_fixed_250mb_metrics_only.log
Stage L,direct metric rows vs columnar ingress-log,uds_dogstatsd_to_api_v3_endpoint_fixed,Columnar with explicit ingress backpressure on standard corrected v3 case,ingress throughput,"1 baseline, 1 comparison",+1.22%,"[+0.53%, +1.92%]",97.5%,false,false,true,±20.0%,80.0%,cases/stageL-direct-metric-rows-vs-columnar-ingress-log-uds_dogstatsd_to_api_v3_endpoint_fixed.log
Stage M,columnar ingress-log vs sharded ingress-log,uds_dogstatsd_to_api_v3_endpoint_fixed_250mb_metrics_only,Sharded packet-batch ingress log removes Stage L pump/channel but remains packet-batch based,ingress throughput,"1 baseline, 1 comparison",-3.77%,"[-4.54%, -2.99%]",100.0%,false,false,false,±20.0%,80.0%,cases/stageM-stageL-vs-sharded-log-uds_dogstatsd_to_api_v3_endpoint_fixed_250mb_metrics_only.log
Stage M,direct metric rows vs sharded ingress-log,uds_dogstatsd_to_api_v3_endpoint_fixed_250mb_metrics_only,Columnar plus sharded packet-batch ingress log against direct-row baseline,ingress throughput,"1 baseline, 1 comparison",-0.09%,"[-0.77%, +0.59%]",13.5%,false,false,false,±20.0%,80.0%,cases/stageM-direct-metric-rows-vs-sharded-log-uds_dogstatsd_to_api_v3_endpoint_fixed_250mb_metrics_only.log
Stage M,direct metric rows vs raw UDS ingress ring,uds_dogstatsd_to_api_v3_endpoint_fixed_250mb_metrics_only,Columnar plus preallocated raw UDS datagram ingress ring against direct-row baseline,ingress throughput,"1 baseline, 1 comparison",+0.80%,"[+0.14%, +1.46%]",87.9%,false,false,true,±20.0%,80.0%,cases/stageM-direct-metric-rows-vs-raw-uds-ring-uds_dogstatsd_to_api_v3_endpoint_fixed_250mb_metrics_only.log
Stage M,direct metric rows vs raw UDS ingress ring,uds_dogstatsd_to_api_v3_endpoint_fixed,Columnar plus preallocated raw UDS datagram ingress ring on standard corrected v3 case,ingress throughput,"1 baseline, 1 comparison",+1.16%,"[+0.77%, +1.55%]",100.0%,false,false,true,±20.0%,80.0%,cases/stageM-direct-metric-rows-vs-raw-uds-ring-uds_dogstatsd_to_api_v3_endpoint_fixed.log
Stage N,raw UDS ring vs compact raw UDS ring,uds_dogstatsd_to_api_v3_endpoint_fixed_250mb_metrics_only,Compact byte ring copies exact datagram bytes into preallocated ring instead of reserving fixed dogstatsd_buffer_size slots,ingress throughput,"1 baseline, 1 comparison",+3.92%,"[+3.19%, +4.65%]",100.0%,false,false,true,±20.0%,80.0%,cases/stageN-raw-uds-ring-vs-compact-raw-uds-ring-uds_dogstatsd_to_api_v3_endpoint_fixed_250mb_metrics_only.log
Stage N,direct metric rows vs compact raw UDS ring,uds_dogstatsd_to_api_v3_endpoint_fixed_250mb_metrics_only,Columnar plus compact raw UDS ingress ring against direct-row baseline,ingress throughput,"1 baseline, 1 comparison",+7.25%,"[+6.52%, +7.97%]",100.0%,false,false,true,±20.0%,80.0%,cases/stageN-direct-metric-rows-vs-compact-raw-uds-ring-uds_dogstatsd_to_api_v3_endpoint_fixed_250mb_metrics_only.log
Stage N,direct metric rows vs compact raw UDS ring,uds_dogstatsd_to_api_v3_endpoint_fixed,Columnar plus compact raw UDS ingress ring on standard corrected v3 case,ingress throughput,"1 baseline, 1 comparison",+2.17%,"[+1.61%, +2.72%]",100.0%,false,false,true,±20.0%,80.0%,cases/stageN-direct-metric-rows-vs-compact-raw-uds-ring-uds_dogstatsd_to_api_v3_endpoint_fixed.log
Stage N,raw UDS ring vs compact raw UDS ring,uds_dogstatsd_to_api_v3_endpoint_fixed,Compact byte ring against fixed-slot raw ring on standard corrected v3 case,ingress throughput,"1 baseline, 1 comparison",+0.05%,"[+0.01%, +0.09%]",89.9%,false,false,true,±20.0%,80.0%,cases/stageN-raw-uds-ring-vs-compact-raw-uds-ring-uds_dogstatsd_to_api_v3_endpoint_fixed.log
Stage O,compact raw UDS ring vs batch-drain compact raw UDS ring,uds_dogstatsd_to_api_v3_endpoint_fixed_250mb_metrics_only,Worker drains up to 32 raw records per shard lock acquisition and releases them as a batch,ingress throughput,"1 baseline, 1 comparison",+1.77%,"[+1.23%, +2.31%]",100.0%,false,false,true,±20.0%,80.0%,cases/stageO-compact-raw-uds-ring-vs-batch-drain-uds_dogstatsd_to_api_v3_endpoint_fixed_250mb_metrics_only.log
Stage O,direct metric rows vs batch-drain compact raw UDS ring,uds_dogstatsd_to_api_v3_endpoint_fixed_250mb_metrics_only,Columnar plus compact raw UDS ingress ring with batched worker drains against direct-row baseline,ingress throughput,"1 baseline, 1 comparison",+7.39%,"[+6.74%, +8.04%]",100.0%,false,false,true,±20.0%,80.0%,cases/stageO-direct-metric-rows-vs-compact-raw-batch-drain-uds_dogstatsd_to_api_v3_endpoint_fixed_250mb_metrics_only.log
Stage O,compact raw UDS ring vs batch-drain compact raw UDS ring,uds_dogstatsd_to_api_v3_endpoint_fixed,Worker batch-drain compact raw ring on standard corrected v3 case,ingress throughput,"1 baseline, 1 comparison",+0.18%,"[+0.01%, +0.35%]",83.4%,false,false,true,±20.0%,80.0%,cases/stageO-compact-raw-uds-ring-vs-batch-drain-uds_dogstatsd_to_api_v3_endpoint_fixed.log
Stage O,direct metric rows vs batch-drain compact raw UDS ring,uds_dogstatsd_to_api_v3_endpoint_fixed,Columnar plus compact raw UDS ingress ring with batched worker drains on standard corrected v3 case,ingress throughput,"1 baseline, 1 comparison",+1.33%,"[+1.00%, +1.66%]",100.0%,false,false,true,±20.0%,80.0%,cases/stageO-direct-metric-rows-vs-compact-raw-batch-drain-uds_dogstatsd_to_api_v3_endpoint_fixed.log
Stage P,compact batch-drain raw UDS ring vs direct-compact raw UDS ring,uds_dogstatsd_to_api_v3_endpoint_fixed_250mb_metrics_only,Direct compact ring reads UDS datagrams into ring-owned max-size reservation and reclaims unused bytes on commit,ingress throughput,"1 baseline, 1 comparison",-3.30%,"[-3.90%, -2.69%]",100.0%,false,false,false,±20.0%,80.0%,cases/stageP-compact-batch-drain-vs-direct-compact-uds_dogstatsd_to_api_v3_endpoint_fixed_250mb_metrics_only.log
Stage P,direct metric rows vs direct-compact raw UDS ring,uds_dogstatsd_to_api_v3_endpoint_fixed_250mb_metrics_only,Columnar plus direct compact raw UDS ingress ring with batched worker drains against direct-row baseline,ingress throughput,"1 baseline, 1 comparison",+4.46%,"[+3.77%, +5.15%]",100.0%,false,false,true,±20.0%,80.0%,cases/stageP-direct-metric-rows-vs-direct-compact-uds_dogstatsd_to_api_v3_endpoint_fixed_250mb_metrics_only.log
Stage P,compact batch-drain raw UDS ring vs direct-compact raw UDS ring,uds_dogstatsd_to_api_v3_endpoint_fixed,Direct compact ring on standard corrected v3 case,ingress throughput,"1 baseline, 1 comparison",-0.03%,"[-0.11%, +0.06%]",33.6%,false,false,false,±20.0%,80.0%,cases/stageP-compact-batch-drain-vs-direct-compact-uds_dogstatsd_to_api_v3_endpoint_fixed.log
Stage P,direct metric rows vs direct-compact raw UDS ring,uds_dogstatsd_to_api_v3_endpoint_fixed,Columnar plus direct compact raw UDS ingress ring with batched worker drains on standard corrected v3 case,ingress throughput,"1 baseline, 1 comparison",+1.78%,"[+1.03%, +2.52%]",99.7%,false,false,true,±20.0%,80.0%,cases/stageP-direct-metric-rows-vs-direct-compact-uds_dogstatsd_to_api_v3_endpoint_fixed.log
Stage Q,Stage O compact/batch vs native v3 serializer,uds_dogstatsd_to_api_v3_endpoint_fixed_250mb_metrics_only,Native v3 serializer isolation high-rate probe,ingress throughput,"1 baseline, 1 comparison",+0.80%,"[-0.10%, +1.71%]",74.7%,false,false,true,±20.0%,80.0%,cases/stageQ-compact-batch-drain-vs-native-serializer-uds_dogstatsd_to_api_v3_endpoint_fixed_250mb_metrics_only.log
Stage Q,Stage O compact/batch vs native v3 serializer,uds_dogstatsd_to_api_v3_endpoint_fixed,Native v3 serializer isolation standard probe,ingress throughput,"1 baseline, 1 comparison",-0.65%,"[-1.29%, -0.02%]",81.1%,false,false,false,±20.0%,80.0%,cases/stageQ-compact-batch-drain-vs-native-serializer-uds_dogstatsd_to_api_v3_endpoint_fixed.log
Stage Q honesty,main vs Stage Q native v3,uds_dogstatsd_to_api_v3_endpoint_fixed_250mb_metrics_only,Final main honesty high-rate fixed-v3 probe,ingress throughput,"1 baseline, 1 comparison",+8.10%,"[+7.47%, +8.73%]",100.0%,false,false,true,±20.0%,80.0%,cases/final-main-vs-stageQ-native-uds_dogstatsd_to_api_v3_endpoint_fixed_250mb_metrics_only.log
Stage Q honesty,main vs Stage Q native v3,uds_dogstatsd_to_api_v3_endpoint_fixed,Final main honesty standard fixed-v3 probe,ingress throughput,"1 baseline, 1 comparison",+1.67%,"[+1.05%, +2.28%]",99.9%,false,false,true,±20.0%,80.0%,cases/final-main-vs-stageQ-native-uds_dogstatsd_to_api_v3_endpoint_fixed.log
Stage Q honesty,main vs Stage Q direct-series/v2,uds_dogstatsd_to_api high-rate local variant,Final main honesty high-rate v2 direct-series bridge probe,ingress throughput,"1 baseline, 1 comparison",+9.77%,"[+8.76%, +10.78%]",100.0%,false,false,true,±20.0%,80.0%,cases/final-main-vs-stageQ-v2-uds_dogstatsd_to_api_250mb_metrics_only.log
Stage Q honesty,main vs Stage Q direct-series/v2,uds_dogstatsd_to_api local variant,Final main honesty standard v2 direct-series bridge probe,ingress throughput,"1 baseline, 1 comparison",+3.27%,"[+2.50%, +4.03%]",100.0%,false,false,true,±20.0%,80.0%,cases/final-main-vs-stageQ-v2-uds_dogstatsd_to_api.log
Stage Q honesty,main vs Stage Q native v3 origin-on,uds_dogstatsd_to_api_v3_endpoint_fixed origin-on local variant,Final origin-on probe; raw ingress disables itself,ingress throughput,"1 baseline, 1 comparison",+2.68%,"[+1.69%, +3.66%]",99.9%,false,false,true,±20.0%,80.0%,cases/final-main-vs-stageQ-origin-v3-uds_dogstatsd_to_api_v3_endpoint_fixed.log
Post-Stage Q honesty,main vs Stage Q raw lag telemetry,uds_dogstatsd_to_api_v3_endpoint_fixed_250mb_metrics_only,Three-replicate high-rate fixed-v3 with raw lag telemetry,ingress throughput,"3 baseline, 3 comparison",+3.62%,"[+3.35%, +3.90%]",100.0%,false,false,true,±20.0%,80.0%,cases/honesty3-main-vs-raw-lag-telemetry-v3-high.log
Post-Stage Q honesty,main vs Stage Q raw lag telemetry,uds_dogstatsd_to_api_v3_endpoint_fixed,Three-replicate standard fixed-v3 with raw lag telemetry,ingress throughput,"3 baseline, 3 comparison",+2.25%,"[+1.94%, +2.55%]",100.0%,false,false,true,±20.0%,80.0%,cases/honesty3-main-vs-raw-lag-telemetry-v3-standard.log
Stage T,main vs Stage T parser interning,uds_dogstatsd_to_api_v3_endpoint_fixed_compact_batch,Three-replicate standard fixed-v3 with SLRU string interner,ingress throughput,"3 baseline, 3 comparison",+2.98%,"[+2.60%, +3.36%]",100.0%,false,false,true,±20.0%,80.0%,captures/stageT-main-vs-parser-interning-standard.log
Stage T,main vs Stage T parser interning,uds_dogstatsd_to_api_v3_endpoint_fixed_250mb_metrics_only_compact_batch,Three-replicate high-rate fixed-v3 metrics-only with SLRU string interner,ingress throughput,"3 baseline, 3 comparison",+4.88%,"[+4.52%, +5.23%]",100.0%,false,false,true,±20.0%,80.0%,captures/stageT-main-vs-parser-interning-high.log
Stage T feature cost,Stage T parser interning vs exact tagset cache,uds_dogstatsd_to_api_v3_endpoint_fixed_compact_batch,Exact raw-tagset interner feature-cost standard fixed-v3,ingress throughput,"3 baseline, 3 comparison",+0.02%,"[-0.03%, +0.08%]",42.8%,false,false,true,±20.0%,80.0%,captures/stageT-tagset-cost-standard.log
Stage T feature cost,Stage T parser interning vs exact tagset cache,uds_dogstatsd_to_api_v3_endpoint_fixed_250mb_metrics_only_compact_batch,Exact raw-tagset interner feature-cost high-rate fixed-v3 metrics-only,ingress throughput,"3 baseline, 3 comparison",+21.17%,"[+21.01%, +21.32%]",100.0%,false,true,true,±20.0%,80.0%,captures/stageT-tagset-cost-high.log
Stage T tagset honesty,main vs Stage T exact tagset cache,uds_dogstatsd_to_api_v3_endpoint_fixed_compact_batch,Three-replicate standard fixed-v3 with exact raw-tagset cache enabled,ingress throughput,"3 baseline, 3 comparison",+1.60%,"[+1.43%, +1.77%]",100.0%,false,false,true,±20.0%,80.0%,captures/stageT-main-vs-parser-interning-tagset-standard.log
Stage T tagset honesty,main vs Stage T exact tagset cache,uds_dogstatsd_to_api_v3_endpoint_fixed_250mb_metrics_only_compact_batch,Three-replicate high-rate fixed-v3 metrics-only with exact raw-tagset cache enabled,ingress throughput,"3 baseline, 3 comparison",+28.42%,"[+28.21%, +28.64%]",100.0%,false,true,true,±20.0%,80.0%,captures/stageT-main-vs-parser-interning-tagset-high.log
Stage U feature cost,Stage U exact tagset cache vs compact identities,uds_dogstatsd_to_api_v3_endpoint_fixed_compact_batch,Compact identity hint feature-cost standard fixed-v3,ingress throughput,"3 baseline, 3 comparison",+0.00%,"[-0.03%, +0.03%]",0.4%,false,false,true,±20.0%,80.0%,cases/stageU-compact-identity-feature-cost-standard.log
Stage U feature cost,Stage U exact tagset cache vs compact identities,uds_dogstatsd_to_api_v3_endpoint_fixed_250mb_metrics_only_compact_batch,Compact identity hint feature-cost high-rate fixed-v3 metrics-only,ingress throughput,"3 baseline, 3 comparison",+0.03%,"[-0.01%, +0.07%]",59.9%,false,false,true,±20.0%,80.0%,cases/stageU-compact-identity-feature-cost-high.log
